target,budget,repeat,fold,model,preprocessing,best_epoch,validation_loss,parameters,device,mae,rmse,r2,rpiq,baseline_rmse,rmse_improvement_pct
N,60,1,1,Patch transformer,SNV + patches(16),24,0.8013499975204468,108803,mps,0.3895395159391562,0.6719973611869486,0.2078014262618757,0.5415497456079416,0.8273192038798165,18.77411305871624
P,60,1,1,Patch transformer,SNV + patches(16),24,0.8013499975204468,108803,mps,13.816651421254472,24.118029663096994,-0.4341597752613542,0.6425661721327354,24.156710923220352,0.16012635265745565
K,60,1,1,Patch transformer,SNV + patches(16),24,0.8013499975204468,108803,mps,0.9072522312383512,1.5239969007758418,-0.015742737240962867,0.6995424768319997,1.7422233128591942,12.525742852402603
N,60,1,2,Patch transformer,SNV + patches(16),54,0.8987933397293091,108803,mps,0.21759199892739456,0.3049774253014091,0.4691254604794971,1.131649333254455,0.46707949910409613,34.70545680416601
P,60,1,2,Patch transformer,SNV + patches(16),54,0.8987933397293091,108803,mps,6.944488677889505,8.73435157908215,-0.05920391163050365,0.9417608079459056,8.905309097695598,1.919725825773828
K,60,1,2,Patch transformer,SNV + patches(16),54,0.8987933397293091,108803,mps,0.9053055853416164,1.1477545536184923,-1.2453769122902054,0.22372596927666227,0.7721704359016197,-48.64005409354015
N,60,1,3,Patch transformer,SNV + patches(16),71,0.507724404335022,108803,mps,0.2572249064697822,0.3276365050116874,0.31559097120726043,1.3602727204775364,0.4375478100257541,25.11983890574091
P,60,1,3,Patch transformer,SNV + patches(16),71,0.507724404335022,108803,mps,25.298397927893003,38.552876277802554,-0.5655658447055345,0.7770904636043828,35.065729919698306,-9.944599374061026
K,60,1,3,Patch transformer,SNV + patches(16),71,0.507724404335022,108803,mps,2.8786343458771513,4.31173218310789,-0.459240744055724,0.9412145345898569,4.214779893742693,-2.3002930594105995
N,60,1,4,Patch transformer,SNV + patches(16),17,0.7209357619285583,108803,mps,0.45970898921417686,0.7169122108962634,0.04461543732149442,0.5147457309154383,0.814515361273193,11.982972331468764
P,60,1,4,Patch transformer,SNV + patches(16),17,0.7209357619285583,108803,mps,19.304445778223673,37.52639333340446,-0.17500889648942541,0.44913821987248587,37.77928612426888,0.6693953666370824
K,60,1,4,Patch transformer,SNV + patches(16),17,0.7209357619285583,108803,mps,0.8528085966843624,1.0217370293703727,-0.06704928715311498,1.6306799526953384,1.1509060057481812,11.223242882796356
N,60,1,5,Patch transformer,SNV + patches(16),28,0.5842380523681641,108803,mps,0.48385404436752194,0.931413753350594,0.17890659831282252,1.016229357355985,1.1990443582112937,22.32032560162702
P,60,1,5,Patch transformer,SNV + patches(16),28,0.5842380523681641,108803,mps,6.58182619198799,10.330252067678137,0.13407828209428385,0.9981123822003194,11.516071309372032,10.297081442426027
K,60,1,5,Patch transformer,SNV + patches(16),28,0.5842380523681641,108803,mps,1.6723327649767519,3.8786854640727513,0.10725866507459236,0.11959722032033766,4.2628855924161515,9.012677446162478
N,120,1,1,Patch transformer,SNV + patches(16),53,0.7849311232566833,108803,mps,0.2622473790359199,0.4456448512819891,0.4484113697122548,0.5825715236093263,0.6373328703346915,30.076593876609348
P,120,1,1,Patch transformer,SNV + patches(16),53,0.7849311232566833,108803,mps,9.870889434325589,16.031596837696878,0.005856570358681368,0.8803171725735263,16.73596743224872,4.2087235016637505
K,120,1,1,Patch transformer,SNV + patches(16),53,0.7849311232566833,108803,mps,0.7629848028095337,1.366320445296274,-0.4306895858851225,0.26999298389800575,1.1589076900122686,-17.89726283391991
N,120,1,2,Patch transformer,SNV + patches(16),4,0.7207147479057312,108803,mps,0.606106204846104,0.9771993864807861,-0.42699112508742254,0.9313171012903562,1.0108126245749012,3.325367855219576
P,120,1,2,Patch transformer,SNV + patches(16),4,0.7207147479057312,108803,mps,13.947054560124078,23.81361975634607,-0.38711175528939923,0.6790448140791671,23.25075931031931,-2.4208260836322384
K,120,1,2,Patch transformer,SNV + patches(16),4,0.7207147479057312,108803,mps,1.0060925904651115,1.6727772088294262,-0.029740485836682762,0.8369457526841466,1.8438307810072179,9.277075420356708
N,120,1,3,Patch transformer,SNV + patches(16),31,0.660275399684906,108803,mps,0.18789941312010291,0.29049526170902645,0.8404646936842294,0.5438987165245406,0.7580497785016733,61.67860344432708
P,120,1,3,Patch transformer,SNV + patches(16),31,0.660275399684906,108803,mps,10.716165083488393,18.532094511019874,-0.024324098920019077,0.6492818441458409,19.76847331360908,6.2542958324356395
K,120,1,3,Patch transformer,SNV + patches(16),31,0.660275399684906,108803,mps,0.9298463576717855,1.442437233621602,0.050205916684460505,1.0621128289057022,1.6675276701993704,13.498452865304266
N,120,1,4,Patch transformer,SNV + patches(16),41,0.877467691898346,108803,mps,0.09416216338237142,0.14020148008879835,0.8956279461427678,0.7964609213060774,0.4446952195998989,68.47245621058387
P,120,1,4,Patch transformer,SNV + patches(16),41,0.877467691898346,108803,mps,7.486361615757822,11.305179838393572,0.1533670750775028,1.1527687030454032,12.743658262338325,11.287798168567708
K,120,1,4,Patch transformer,SNV + patches(16),41,0.877467691898346,108803,mps,1.7321406108139978,3.80752787275544,0.006128815705546575,0.3813161275838307,4.120640831905059,7.598647198883889
N,120,1,5,Patch transformer,SNV + patches(16),50,0.7903369665145874,108803,mps,0.2137832202974955,0.3102738857942123,0.7589520624325197,1.3124694621257624,0.7145803969113622,56.5795693339319
P,120,1,5,Patch transformer,SNV + patches(16),50,0.7903369665145874,108803,mps,22.39873925625324,38.35879107531649,-0.317042151816489,0.6756341707723168,38.38259505264647,0.06201763402743636
K,120,1,5,Patch transformer,SNV + patches(16),50,0.7903369665145874,108803,mps,1.1715534992651164,1.640543773938212,-0.45302854213452615,0.8124150791786171,1.625009413590324,-0.9559550989656268
N,180,1,1,Patch transformer,SNV + patches(16),25,0.8166090250015259,108803,mps,0.24839762675427732,0.6108118840311437,0.10099743686896456,0.5417707295019284,0.6916219281567669,11.684135628982883
P,180,1,1,Patch transformer,SNV + patches(16),25,0.8166090250015259,108803,mps,16.53699068831648,29.523190301935582,-0.1614260057245489,0.6839040697670212,30.250128050293444,2.4030898221298953
K,180,1,1,Patch transformer,SNV + patches(16),25,0.8166090250015259,108803,mps,0.6739695473157505,1.0326653236001204,0.06827380125637839,0.6470661733063013,1.116111083405019,7.476474433917739
N,180,1,2,Patch transformer,SNV + patches(16),22,0.5036714673042297,108803,mps,0.23809699723952754,0.38658640491693463,0.47990629314079913,1.157005249825345,0.576821378415556,32.97987568026155
P,180,1,2,Patch transformer,SNV + patches(16),22,0.5036714673042297,108803,mps,15.240127502187091,33.80683674607837,-0.08673802661658803,0.4532623863951876,34.3069708707689,1.4578207052277812
K,180,1,2,Patch transformer,SNV + patches(16),22,0.5036714673042297,108803,mps,0.7449151553381683,1.1283530271516438,0.1286938675482635,0.5605249286179296,1.2378774138601372,8.847757094699533
N,180,1,3,Patch transformer,SNV + patches(16),53,0.5297850966453552,108803,mps,0.20978498279992078,0.3182545493367088,0.7284005576058576,1.1799438555792725,0.650985442184471,51.111879204431666
P,180,1,3,Patch transformer,SNV + patches(16),53,0.5297850966453552,108803,mps,16.201388026255504,24.05573948373081,-0.36222184601912755,0.9777802721844278,23.760761708218833,-1.2414491552682207
K,180,1,3,Patch transformer,SNV + patches(16),53,0.5297850966453552,108803,mps,1.4624900233682518,2.5506585287896764,-0.03628063787513902,1.009943107210967,2.9421086257266738,13.305086478250368
N,180,1,4,Patch transformer,SNV + patches(16),48,0.6393117308616638,108803,mps,0.20892665132645236,0.34947770974706527,0.7741182725330368,1.3331250806730812,0.8351058963933787,58.15168935384418
P,180,1,4,Patch transformer,SNV + patches(16),48,0.6393117308616638,108803,mps,6.7565802573271405,10.166777054471616,0.16616018238345764,1.0017995324801912,11.248716642473275,9.618338005923585
K,180,1,4,Patch transformer,SNV + patches(16),48,0.6393117308616638,108803,mps,0.649709342003534,0.8530158991144996,-0.031194179389376187,1.6427097096954701,0.9615962413172957,11.291677061263398
N,180,1,5,Patch transformer,SNV + patches(16),24,0.684441328048706,108803,mps,0.19907216037568612,0.28908920739095856,0.8129141432199322,2.11770271718261,0.746426566991598,61.270241417571
P,180,1,5,Patch transformer,SNV + patches(16),24,0.684441328048706,108803,mps,14.87370004720522,24.223477447773966,-0.20088704673562074,0.9348404888944212,25.108671899010805,3.525453097627645
K,180,1,5,Patch transformer,SNV + patches(16),24,0.684441328048706,108803,mps,1.3366806712924846,2.751117360187925,0.054650250880029616,0.5866185431060499,3.072418483620291,10.45759635756944
N,240,1,1,Patch transformer,SNV + patches(16),49,0.7199558615684509,108803,mps,0.25673570443591087,0.4910960777338125,0.29312415247082835,0.6638924943251531,0.625093962057851,21.43643875280902
P,240,1,1,Patch transformer,SNV + patches(16),49,0.7199558615684509,108803,mps,12.829668775519247,17.931914643584502,-0.31384601407209245,0.8274342308063797,17.498986403504315,-2.4740189522833727
K,240,1,1,Patch transformer,SNV + patches(16),49,0.7199558615684509,108803,mps,1.005280787974101,1.8630604517918306,0.13351754289617013,0.4716303421250198,2.1151042945807097,11.916378943329759
N,240,1,2,Patch transformer,SNV + patches(16),35,0.7160264253616333,108803,mps,0.16727646450321876,0.2633129772855853,0.8170033956930344,1.3751600993340884,0.6589564844190157,60.04091567324946
P,240,1,2,Patch transformer,SNV + patches(16),35,0.7160264253616333,108803,mps,15.18336270231758,24.564745098295873,-0.2513996209802536,0.9553765938172948,25.2470488562233,2.702508961791957
K,240,1,2,Patch transformer,SNV + patches(16),35,0.7160264253616333,108803,mps,0.7410534669674992,1.4357072001295814,0.13022212131358368,0.5847362191428928,1.6445064057924157,12.696770588876063
N,240,1,3,Patch transformer,SNV + patches(16),50,0.4641708731651306,108803,mps,0.1937702392404473,0.32773252445993895,0.7094431531601438,0.6123820036803599,0.6376666221728515,48.60440972381633
P,240,1,3,Patch transformer,SNV + patches(16),50,0.4641708731651306,108803,mps,10.104473433988927,19.670326251637213,0.04336071650287232,0.51565641922974,20.610192428961092,4.560200883923794
K,240,1,3,Patch transformer,SNV + patches(16),50,0.4641708731651306,108803,mps,0.7083734341581248,1.119582501605073,0.0919036221013303,1.0932736071215974,1.3319243619640457,15.942486407100093
N,240,1,4,Patch transformer,SNV + patches(16),27,0.5905865430831909,108803,mps,0.2310588323858526,0.35761623664484365,0.7222985061126518,2.5174122641810444,0.7633695205910916,53.152932230260575
P,240,1,4,Patch transformer,SNV + patches(16),27,0.5905865430831909,108803,mps,19.155618644604967,39.65491795748006,-0.13308313920964854,0.5546649982628719,40.55607139524463,2.221993913025398
K,240,1,4,Patch transformer,SNV + patches(16),27,0.5905865430831909,108803,mps,0.9216669969108997,2.1997407146044736,0.1090502987886034,0.5531537357565421,2.4293565336210663,9.451713482102186
N,240,1,5,Patch transformer,SNV + patches(16),53,0.6116118431091309,108803,mps,0.21335736284477017,0.32219550677106695,0.7976428413153939,1.4885604855463757,0.8116903067839873,60.30561113294016
P,240,1,5,Patch transformer,SNV + patches(16),53,0.6116118431091309,108803,mps,12.881007442789079,20.115815669599343,-0.23347762476951495,0.8650092934733364,19.678449354469706,-2.2225649351293773
K,240,1,5,Patch transformer,SNV + patches(16),53,0.6116118431091309,108803,mps,1.0546056656320142,1.4481647155946344,-0.03799337259614721,1.0810993964572195,1.578418199127671,8.252152921514867
N,300,1,1,Patch transformer,SNV + patches(16),30,0.5526343435049057,108803,mps,0.1892520748380939,0.4096120525304844,0.57189825470088,0.7141635559618431,0.6680419615868559,38.68468208830795
P,300,1,1,Patch transformer,SNV + patches(16),30,0.5526343435049057,108803,mps,13.538901120609559,22.66421083803316,-0.26906562829393765,0.8667680287115391,22.526477636302914,-0.6114280446059597
K,300,1,1,Patch transformer,SNV + patches(16),30,0.5526343435049057,108803,mps,0.6148711988273479,0.9723357735652483,-0.2154635774879865,0.95002397857952,0.9641801044924795,-0.8458657293143079
N,300,1,2,Patch transformer,SNV + patches(16),35,0.5390739440917969,108803,mps,0.21547978152919428,0.3976635146546364,0.7201715562600037,1.2444566367366896,0.8291878893090916,52.041808644120024
P,300,1,2,Patch transformer,SNV + patches(16),35,0.5390739440917969,108803,mps,12.645257770863624,21.99893460235582,-0.09829475738043625,0.6265522739689383,23.12186962055922,4.856592639917501
K,300,1,2,Patch transformer,SNV + patches(16),35,0.5390739440917969,108803,mps,0.9259323461031976,1.4905196987877285,0.15506815246362937,0.8429850687868863,1.7944552577890898,16.937483265859402
N,300,1,3,Patch transformer,SNV + patches(16),11,0.6410672068595886,108803,mps,0.3292356233551901,0.6166232804375853,0.40775149988649995,0.6053655641011493,0.881276691103859,30.030683137072113
P,300,1,3,Patch transformer,SNV + patches(16),11,0.6410672068595886,108803,mps,11.840725625649087,23.663713728961316,-0.12087089223081038,0.685026563694469,24.563418800971696,3.6627844002512777
K,300,1,3,Patch transformer,SNV + patches(16),11,0.6410672068595886,108803,mps,0.9773511697165443,2.1302363400745685,0.03653015363647394,0.4428170631841629,2.2750770789443266,6.366410184966859
N,300,1,4,Patch transformer,SNV + patches(16),26,0.7429295480251312,108803,mps,0.1620881916970122,0.25385167611542553,0.7301620451819937,1.3397291883365823,0.5213985372112638,51.3133125625613
P,300,1,4,Patch transformer,SNV + patches(16),26,0.7429295480251312,108803,mps,13.991615044143266,24.363694662052083,-0.11895468189251934,0.7516591902017185,25.28724986217221,3.652256394641376
K,300,1,4,Patch transformer,SNV + patches(16),26,0.7429295480251312,108803,mps,1.1945016520381309,1.8796544499348302,0.07283140130006671,0.5705676837820917,2.0794238673225656,9.606959914572654
N,300,1,5,Patch transformer,SNV + patches(16),30,0.5523735210299492,108803,mps,0.14689941038864235,0.23084211510901045,0.8620189648007289,1.7775677536407364,0.6828521291514487,66.19442112659617
P,300,1,5,Patch transformer,SNV + patches(16),30,0.5523735210299492,108803,mps,10.915834282622336,25.259869252174546,0.01934883087766881,0.33371797834125033,26.082682169643615,3.154633070776368
K,300,1,5,Patch transformer,SNV + patches(16),30,0.5523735210299492,108803,mps,0.6471203775529915,0.9384900132328697,0.30256534212928476,1.53728129689127,1.2353893522394117,24.032855590696762
N,1000,1,1,Patch transformer,SNV + patches(16),26,0.5748089104890823,108803,mps,0.17714945772346447,0.3408574811073268,0.8151838161173766,1.2508726378678428,0.8855742187759887,61.51000403123199
P,1000,1,1,Patch transformer,SNV + patches(16),26,0.5748089104890823,108803,mps,13.97065317309976,29.789704139448556,-0.07774031717849406,0.6124864740171418,31.208402111471617,4.545884685014279
K,1000,1,1,Patch transformer,SNV + patches(16),26,0.5748089104890823,108803,mps,0.9236838473131884,2.1827658118718,0.10639133510841281,0.5088108829447021,2.4501811160121134,10.914103549028884
N,1000,1,2,Patch transformer,SNV + patches(16),63,0.5352555364370346,108803,mps,0.12180989492336511,0.23601801036813455,0.8291134740428594,1.8452723134166393,0.6211152100995435,62.000928888811316
P,1000,1,2,Patch transformer,SNV + patches(16),63,0.5352555364370346,108803,mps,13.173833340922068,24.75462373459835,-0.04237206458005072,0.7051419034741073,26.18496014302382,5.4624349268163295
K,1000,1,2,Patch transformer,SNV + patches(16),63,0.5352555364370346,108803,mps,0.676826979200174,1.0461861748499393,0.39465094470478956,0.9972221245894822,1.4645917727481987,28.56806966170185
N,1000,1,3,Patch transformer,SNV + patches(16),29,0.5067124962806702,108803,mps,0.1662729475056603,0.31036825700079745,0.787664649704525,1.271562059257194,0.7293768163776964,57.44747433265302
P,1000,1,3,Patch transformer,SNV + patches(16),29,0.5067124962806702,108803,mps,9.75854153470643,20.776713729015405,-0.06346808531713233,0.5770691244234697,21.067269577333835,1.3791813279450202
K,1000,1,3,Patch transformer,SNV + patches(16),29,0.5067124962806702,108803,mps,0.8084485538739122,1.5027437802769184,0.17286119828772029,0.806882394666481,1.7649494125265002,14.856268989275913
N,1000,1,4,Patch transformer,SNV + patches(16),35,0.5009269118309021,108803,mps,0.11814942173924797,0.21093085025793262,0.9042220831075601,1.7044566954542921,0.7399960345988137,71.49567830153468
P,1000,1,4,Patch transformer,SNV + patches(16),35,0.5009269118309021,108803,mps,15.251476016070113,36.26335571004005,-0.07748433755544881,0.4772103177205077,37.15157497287231,2.3907984075529147
K,1000,1,4,Patch transformer,SNV + patches(16),35,0.5009269118309021,108803,mps,0.6774669683390335,1.118721654491571,0.07789621720992357,0.8653582382294847,1.2448963089875738,10.135354533954377
N,1000,1,5,Patch transformer,SNV + patches(16),17,0.5614126473665237,108803,mps,0.14571010115106373,0.28511262882884175,0.7489328881752156,1.029908780983102,0.6030806612793093,52.72396428298081
P,1000,1,5,Patch transformer,SNV + patches(16),17,0.5614126473665237,108803,mps,12.026295843016678,25.301700938531773,-0.021602944163457982,0.6100926786503925,26.217029245656242,3.4913502157233336
K,1000,1,5,Patch transformer,SNV + patches(16),17,0.5614126473665237,108803,mps,0.7381597687181164,1.212597011828852,0.2424091099049469,0.7271294514161699,1.4706884680181938,17.54902291014285
