target,budget,repeat,fold,model,preprocessing,mae,rmse,r2,rpiq,baseline_rmse,rmse_improvement_pct
N,60,1,1,PLS (10 komponen),SG derivative,0.24579370621717422,0.4159139997179899,0.6965368239188551,0.8749885799630588,0.8273192038798165,49.72750568734421
N,60,1,2,PLS (5 komponen),SG derivative,0.14468085047752818,0.20352595346608782,0.7635735256893907,1.6957419637270306,0.46707949910409613,56.425843168781675
N,60,1,3,PLS (5 komponen),SG derivative,0.19298189844644953,0.24232832519628628,0.6255968252937214,1.8391370453247786,0.4375478100257541,44.616720814572744
N,60,1,4,PLS (10 komponen),SG derivative,0.17213912352253144,0.2788588739849632,0.8554509628714201,1.3233485982586983,0.814515361273193,65.76382874485381
N,60,1,5,PLS (10 komponen),SG derivative,0.3442798714930195,0.5241768577914241,0.7399463490046843,1.8057454958773382,1.1990443582112937,56.283780979264286
N,60,2,1,PLS (2 komponen),SG derivative,0.21820504835748344,0.2976305533257453,0.5772642189673142,0.73690351191854,0.48220316243087136,38.27693874396488
N,60,2,2,PLS (10 komponen),SNV,0.2937399131196262,0.3973360650533071,0.6939350817873936,1.7962502344312672,0.9393790972676225,57.70226671968315
N,60,2,3,PLS (10 komponen),SNV,0.15254411570173662,0.20465522075629164,0.8581765690476288,0.4797092379915837,0.552615624658466,62.96608137296606
N,60,2,4,PLS (5 komponen),SG derivative,0.17610648633144585,0.2260056633256132,0.7765172091452139,1.9307812626416894,0.5419234991444826,58.295651751141776
N,60,2,5,PLS (2 komponen),SG derivative,0.3769988004722908,0.7234493389431625,0.5532656732382669,0.7277496455648339,1.2221614047422977,40.80574495839954
P,60,1,1,PCA 95% + Ridge,SNV,14.10077344387743,23.43156842341578,-0.3536818524976044,0.6613910652482405,24.156710923220352,3.00182629211967
P,60,1,2,PCA 95% + Ridge,SNV,6.6838609510793034,9.792855954637638,-0.3314871211386139,0.8399664038869622,8.905309097695598,-9.966491305413614
P,60,1,3,PLS (10 komponen),SG derivative,53.90962698309718,119.9626441153538,-14.158276609371512,0.2497366802885065,35.065729919698306,-242.10793384330586
P,60,1,4,PCA 95% + Ridge,SNV,17.799847568883145,33.556844788312105,0.0604287040913325,0.502268243821018,37.77928612426888,11.176604348922138
P,60,1,5,PCA 95% + Ridge,SNV,9.38360542932447,15.805400753771371,-1.0270656703157228,0.6523562838189801,11.516071309372032,-37.2464647809934
P,60,2,1,PLS (5 komponen),SNV,9.83975309851765,13.026044645613952,-0.13835776621750662,1.0976804846753294,13.87839071611901,6.141533899280584
P,60,2,2,PLS (2 komponen),SG derivative,25.22171716409059,41.09699738351826,-0.34886193557703415,0.5412894229815776,41.10739631331832,0.025296979942006602
P,60,2,3,PLS (2 komponen),SNV,8.576276809951837,12.695447068608196,0.3448120634444801,0.7930335139512142,16.707559883536007,24.01375690343288
P,60,2,4,PLS (5 komponen),SNV,5.796019558913131,8.592148073816679,-0.3820829916048285,1.009096610709201,7.540248477453068,-13.950463297184596
P,60,2,5,PCA 95% + Ridge,SNV,17.765934792829757,26.03265711801015,0.3113035651210907,0.9137453734426253,35.1229886927604,25.881429551079073
K,60,1,1,PLS (10 komponen),SG derivative,2.359848765188141,3.75723512596575,-5.173796437140915,0.2837460342274949,1.7422233128591942,-115.65749340133002
K,60,1,2,PLS (10 komponen),SG derivative,1.1693864079820144,1.620733429249988,-3.477281326314844,0.1584359866747667,0.7721704359016197,-109.893224849712
K,60,1,3,PLS (2 komponen),SG derivative,2.3042995480044253,3.7615216297340743,-0.11058171621504842,1.078889183547485,4.214779893742693,10.754019793098353
K,60,1,4,PCA 95% + Ridge,SNV,0.9369979693238588,1.1620186875870204,-0.38016954032394423,1.4338203924934583,1.1509060057481812,-0.9655594621400071
K,60,1,5,PLS (2 komponen),SG derivative,1.996755190934331,4.05899445866086,0.02232741964084184,0.11428446250036096,4.2628855924161515,4.782937034904771
K,60,2,1,PLS (2 komponen),SNV,1.3610423182729212,3.213948456533325,0.10464981293828235,0.09592795409436995,3.490039514826921,7.910829006968645
K,60,2,2,PLS (2 komponen),SNV,0.6454832995568132,0.8506373512801868,-0.45593337895494557,0.8863142349227175,0.929528882681799,8.487259822847134
K,60,2,3,PCA 95% + Ridge,SNV,2.1559764350689234,4.271401397934652,-0.06759969102750518,0.16580749444808326,4.40597292252144,3.054297585419006
K,60,2,4,PCA 95% + Ridge,SNV,1.0237933841029618,1.6544397984601555,0.08939903549045469,1.6286003979362118,2.0127613737750933,17.802486672470135
K,60,2,5,PLS (2 komponen),SNV,1.1624825860660208,1.600586384171074,0.19858536306980545,0.9699913827544216,2.0517592378672758,21.989561219920645
N,120,1,1,PLS (10 komponen),SNV,0.18525916550042454,0.3035827504034005,0.7440284480502208,0.8551869289510593,0.6373328703346915,52.36668865925967
N,120,1,2,PLS (10 komponen),SG derivative,0.2599133390012689,0.4174651461114465,0.7395674006656496,2.180020316611161,1.0108126245749012,58.70004628335424
N,120,1,3,PLS (5 komponen),SG derivative,0.16094718535679164,0.278840792410668,0.8530088048422739,0.5666315844035565,0.7580497785016733,63.216031411312855
N,120,1,4,PLS (5 komponen),SG derivative,0.1573285412799008,0.20195646400535713,0.7834318687146014,0.5529161968147647,0.4446952195998989,54.58542050731704
N,120,1,5,PLS (10 komponen),SNV,0.11385860351825348,0.2042686328589539,0.895524048527872,1.993575784497398,0.7145803969113622,71.4141846401236
N,120,2,1,PLS (10 komponen),SNV,0.15745895476190172,0.21693257838487978,0.9063744574955038,1.2842584644235173,0.7694254045065057,71.80589864666399
N,120,2,2,PLS (5 komponen),SG derivative,0.14318982222074067,0.2033526350492541,0.5775553622528766,0.8012559068169185,0.31450535375819333,35.34207522406716
N,120,2,3,PLS (10 komponen),SNV,0.20435616042030927,0.29223979716663223,0.8601912012632409,1.549444329348213,0.8760533807387301,66.6413253356546
N,120,2,4,PLS (5 komponen),SG derivative,0.16278814427271912,0.2706446017053992,0.7798629496270926,0.973278234038928,0.6110276486379319,55.706652177081544
N,120,2,5,PLS (10 komponen),SG derivative,0.21450908234222088,0.38915369177027914,0.7513137950013553,2.5934226536793674,0.9386597803384356,58.541561072322814
P,120,1,1,PLS (5 komponen),SNV,8.621918102470785,13.721282800926986,0.2717425904402533,1.0285401303037467,16.73596743224872,18.013208041458697
P,120,1,2,PCA 95% + Ridge,SNV,14.530110360384393,23.39262144414887,-0.3385001012382678,0.6912656214528143,23.25075931031931,-0.6101397891405486
P,120,1,3,PCA 95% + Ridge,SNV,11.58076358386541,18.713102941954972,-0.04443157044296475,0.6430014593155949,19.76847331360908,5.338653900640698
P,120,1,4,PLS (2 komponen),SNV,8.834851368126628,12.029434709165445,0.04141497128422145,1.0833640827752684,12.743658262338325,5.604541007535053
P,120,1,5,PLS (2 komponen),SNV,21.401263940035374,37.05086722225575,-0.22875870413327348,0.6994845719679256,38.38259505264647,3.4696138407632326
P,120,2,1,PLS (2 komponen),SNV,17.54521274392197,30.0233995349902,-0.14525665322748615,0.7463033116515235,31.385632049596158,4.340306138978917
P,120,2,2,PLS (2 komponen),SNV,12.732530585297448,22.330698083339144,-0.09005348142513969,0.4806213383901134,23.282651737506452,4.088682272534227
P,120,2,3,PLS (2 komponen),SG derivative,18.67559083215804,30.354993512038394,-0.2698548031751411,1.2205166502607532,31.929558384935824,4.931370656351763
P,120,2,4,PLS (5 komponen),SNV,6.965522609977021,10.301215182737481,-0.06671219860529942,1.2995321195147147,10.48852290354835,1.7858350745222822
P,120,2,5,PCA 95% + Ridge,SNV,12.479851238243322,18.38495811972762,-0.7818925254315852,0.7633794925505073,14.042526086450165,-30.92343931956467
K,120,1,1,PLS (10 komponen),SNV,0.8056847225091112,1.2268226462012428,-0.1534634832340196,0.3006929609007891,1.1589076900122686,-5.860255892188901
K,120,1,2,PLS (5 komponen),SG derivative,0.9270349350867623,1.3968305593642754,0.28197587195373186,1.0022860473168684,1.8438307810072179,24.243017648222715
K,120,1,3,PLS (2 komponen),SG derivative,0.8896107785782146,1.2836170186889415,0.24784639001776176,1.1935266270351714,1.6675276701993704,23.0227454915053
K,120,1,4,PLS (10 komponen),SNV,1.6475244529300783,3.646023596142325,0.08865489222665501,0.39820690838171147,4.120640831905059,11.518044283012866
K,120,1,5,PLS (5 komponen),SG derivative,0.9938288856604783,1.5897229806494197,-0.36439903647084493,0.8383866347931481,1.625009413590324,2.1714602171406323
K,120,2,1,PCA 95% + Ridge,SNV,1.2852348515615342,2.5185852738558,0.08484139488892695,0.2745817293457242,2.769212697148184,9.05049379379516
K,120,2,2,PLS (10 komponen),SNV,0.7190728315695942,0.9950861905065674,0.1678443808255219,0.5611788663910763,1.1268150240648127,11.690368937667664
K,120,2,3,PLS (5 komponen),SG derivative,1.7790942710513205,3.4201733378785666,-0.20066568379950445,0.6720756202074444,3.642538604984047,6.104678391087477
K,120,2,4,PLS (5 komponen),SG derivative,0.5599400485407181,1.0694230707791523,0.4303708635667215,1.0464617884930558,1.5060162145116613,28.989936464533887
K,120,2,5,PLS (5 komponen),SG derivative,1.142114369335123,1.6187387478915702,-0.15793944593237108,0.8346189289406554,1.6423709148855785,1.4389055955520675
N,180,1,1,PLS (10 komponen),SG derivative,0.15452672986350088,0.28633696902523537,0.8024391797558164,1.155701274364036,0.6916219281567669,58.59920610262481
N,180,1,2,PLS (10 komponen),SNV,0.10543872384662419,0.16974431584403663,0.8997281737298508,2.635036689010365,0.576821378415556,70.57246451053886
N,180,1,3,PLS (10 komponen),SNV,0.17644165429395017,0.27969425110921037,0.7902283893168511,1.3426178711602201,0.650985442184471,57.035252559464624
N,180,1,4,PLS (10 komponen),SNV,0.17611971627837714,0.2961259519056382,0.837820828280049,1.5733085769816633,0.8351058963933787,64.54031121268154
N,180,1,5,PLS (10 komponen),SG derivative,0.1626383018529336,0.31782486108305985,0.773872733924851,1.9262338317832453,0.746426566991598,57.42047843178693
N,180,2,1,PLS (10 komponen),SNV,0.10421767688055501,0.16558163838754797,0.9129678426227774,1.0859144875662847,0.5748050833718354,71.1934283155191
N,180,2,2,PLS (10 komponen),SNV,0.16455260998005294,0.250680443889972,0.8664241697091196,1.787315328820204,0.7470249519575783,66.44282855170178
N,180,2,3,PLS (10 komponen),SG derivative,0.10094241548210713,0.15136494486687177,0.8507872023656254,1.68574368539836,0.4256962692786698,64.4429712472333
N,180,2,4,PLS (10 komponen),SG derivative,0.258042525010913,0.4547863871576599,0.5284509501803,1.6365320533263554,0.7484546924085071,39.23661755741427
N,180,2,5,PLS (10 komponen),SNV,0.20222414841172368,0.35291823175339987,0.8044105064086293,2.2521718304295084,0.9243001262531921,61.81778821301108
P,180,1,1,PLS (5 komponen),SNV,18.032862975482654,30.21884331430906,-0.21680405409384296,0.6681602531900768,30.250128050293444,0.10342017703982005
P,180,1,2,PLS (2 komponen),SNV,15.368655243826408,33.96499959173723,-0.09693026363951018,0.4511517057025892,34.3069708707689,0.9967982318224519
P,180,1,3,PLS (2 komponen),SNV,14.038282126819983,22.58877110790074,-0.20114552215202242,1.0412796423340231,23.760761708218833,4.932462244729731
P,180,1,4,PLS (5 komponen),SNV,6.451061400548669,8.525327336313623,0.41367534636682524,1.1946840394757272,11.248716642473275,24.21066680510547
P,180,1,5,PLS (5 komponen),SNV,15.291729201758317,24.781366173547024,-0.25683906728505446,0.9137949595439413,25.108671899010805,1.303556503427309
P,180,2,1,PCA 95% + Ridge,SNV,8.962272403769372,15.57876220329719,0.03919279800205666,1.0920500151417232,16.732583239013543,6.895653941981381
P,180,2,2,PLS (2 komponen),SNV,21.6313340939695,39.139901001030395,-0.20917275063522234,1.0062622539327104,40.10049235517948,2.3954602493179
P,180,2,3,PCA 95% + Ridge,SNV,12.100532666596605,22.15407419365518,-0.13524612836619143,0.6624902206115831,23.116163587613748,4.161976922823304
P,180,2,4,PLS (5 komponen),SNV,13.236243566842468,20.485550230912743,-0.38074257427558833,0.7062964588935472,18.504449957966433,-10.706074903314908
P,180,2,5,PLS (2 komponen),SNV,14.077051394348969,24.570308375443954,-0.07312959678296993,0.8226388407969986,25.459479381759042,3.492494850276289
K,180,1,1,PLS (5 komponen),SG derivative,0.5976325533132825,0.8880984469893517,0.3108855751370624,0.7523972162244474,1.116111083405019,20.429206358210234
K,180,1,2,PLS (10 komponen),SG derivative,0.7440041527239597,1.1828542590999782,0.042490150811340555,0.5346981634755578,1.2378774138601372,4.444959908314137
K,180,1,3,PLS (10 komponen),SG derivative,1.238467866501985,2.21766658544274,0.21663304547545204,1.1615903025772998,2.9421086257266738,24.623225463166005
K,180,1,4,PLS (10 komponen),SG derivative,0.6463269228029357,0.8807682686694605,-0.09938427571617181,1.5909491177705808,0.9615962413172957,8.405604054473903
K,180,1,5,PLS (10 komponen),SNV,1.294735128264284,2.6948092138424684,0.09295188389006803,0.5988759610354903,3.072418483620291,12.290294170242005
K,180,2,1,PLS (5 komponen),SG derivative,1.2134686050803971,3.0453123130155397,0.07712461772114931,0.45927024078004003,3.3738318699273777,9.737282993859129
K,180,2,2,PLS (2 komponen),SG derivative,0.9355499811144067,1.3619777676960183,0.1374980857036181,1.569883723383798,1.7623160513261071,22.716599745479385
K,180,2,3,PLS (10 komponen),SNV,0.6871277846837361,0.9618714591316136,-0.4277892950978759,0.7929804558926183,0.8484684500111381,-13.365612960503933
K,180,2,4,PLS (5 komponen),SG derivative,0.8242773212554791,1.424921630090137,0.32895040801721653,0.8063285677428782,1.869107281786251,23.764588369246454
K,180,2,5,PLS (10 komponen),SG derivative,0.7935329968561857,1.251696016066852,0.3532895545045771,1.1739451760957904,1.7073007481930085,26.68567518689161
N,240,1,1,PLS (10 komponen),SNV,0.16124868872440415,0.2827481808954357,0.7656797344176804,1.15309318336719,0.625093962057851,54.767091340218705
N,240,1,2,PLS (10 komponen),SNV,0.1334746302427312,0.20221002512272862,0.8920795195896899,1.7907000396257795,0.6589564844190157,69.31359962243762
N,240,1,3,PLS (10 komponen),SG derivative,0.129702189064011,0.20437453610912704,0.8870085463943959,0.9820083451728855,0.6376666221728515,67.94962618355027
N,240,1,4,PLS (10 komponen),SNV,0.17036838707772517,0.2705203871083922,0.8410927326833327,3.3279099945960096,0.7633695205910916,64.5623279668118
N,240,1,5,PLS (10 komponen),SNV,0.15056002484663084,0.25940404645756404,0.8688304265172065,1.8488821070817762,0.8116903067839873,68.04150002907471
N,240,2,1,PLS (10 komponen),SNV,0.1823946669327504,0.29142967788354374,0.7449470885380125,1.917332181327412,0.6493559906907966,55.120198772091776
N,240,2,2,PLS (10 komponen),SNV,0.12351455344806567,0.20207438519987103,0.8557351225862597,1.8563708588249084,0.5814368200653355,65.24568478873351
N,240,2,3,PLS (5 komponen),SG derivative,0.1491095094557444,0.2875649641762084,0.8472795323176592,1.2895260069748091,0.7906262726551023,63.628205370598174
N,240,2,4,PLS (10 komponen),SNV,0.14287001495505533,0.22414503190404353,0.8949078684375905,1.3127884098094602,0.7360871544082418,69.54911785082852
N,240,2,5,PLS (10 komponen),SG derivative,0.1504951636668436,0.24366778574898662,0.8680948987132209,1.6321505067957223,0.7383946002928696,67.00032941027187
P,240,1,1,PLS (5 komponen),SG derivative,13.009972858483414,18.88791302223948,-0.4576695789412222,0.7855542315622526,17.498986403504315,-7.937183255694296
P,240,1,2,PLS (5 komponen),SNV,14.281540850205074,23.378362106637493,-0.13344292902122334,1.0038591408992203,25.2470488562233,7.401604679531424
P,240,1,3,PLS (10 komponen),SG derivative,13.473104336668877,22.96982516416123,-0.304489126922479,0.44158498932877654,20.610192428961092,-11.44886319394292
P,240,1,4,PLS (5 komponen),SG derivative,18.317963303578313,38.91985885272047,-0.09146591759839717,0.5651406672165398,40.55607139524463,4.034445364735226
P,240,1,5,PLS (10 komponen),SNV,10.739138717176436,17.795192643711108,0.0347020833254873,0.9778128199218656,19.678449354469706,9.57014791580029
P,240,2,1,PLS (5 komponen),SNV,15.503398394525233,31.298847922472607,-0.04670423861147621,0.529571568929831,32.72474764495184,4.357252003742171
P,240,2,2,PLS (10 komponen),SG derivative,12.827544810735988,19.99741493015366,0.12783690516235768,1.1013537288157258,23.830260008935113,16.083941498516317
P,240,2,3,PLS (5 komponen),SNV,10.202412391115743,22.933842305993608,-0.05384205088154759,0.38952162401785423,22.64566750722236,-1.272538328487516
P,240,2,4,PLS (10 komponen),SG derivative,17.47090903233513,35.20745941597178,-1.012213927557032,0.4513779966977875,26.489067150432362,-32.91317212504072
P,240,2,5,PLS (10 komponen),SNV,12.425525731646308,19.329502570741447,-0.0008175394273417513,1.272139177405473,23.442987719239735,17.546761521025488
K,240,1,1,PLS (5 komponen),SG derivative,0.9542595971218284,1.9504238836264212,0.0503492986840115,0.4505050649013044,2.1151042945807097,7.785923908160479
K,240,1,2,PLS (10 komponen),SG derivative,0.687585036714974,1.1142370638179693,0.47612001972514295,0.7534393059259686,1.6445064057924157,32.24489367184513
K,240,1,3,PLS (5 komponen),SG derivative,0.6822150977027798,0.9974052599675434,0.27928585186289967,1.2271942500482005,1.3319243619640457,25.115472886404973
K,240,1,4,PLS (5 komponen),SG derivative,0.8652468222650364,2.193373478856495,0.11420061178047425,0.5547595089066183,2.4293565336210663,9.713809047732804
K,240,1,5,PLS (5 komponen),SNV,0.8428066946799389,1.2542052978933094,0.2214331306635008,1.2482884601346826,1.578418199127671,20.540367655006836
K,240,2,1,PLS (10 komponen),SG derivative,0.6504609849302941,0.9269747442081782,0.6158516881652116,1.0937016857087158,1.600609589226864,42.08614327645437
K,240,2,2,PLS (5 komponen),SG derivative,0.6327302457016741,0.9505106674604175,0.36493802591713853,0.7688972096995796,1.261066498377064,24.626443674169288
K,240,2,3,PLS (10 komponen),SG derivative,0.7421965229224096,1.171944637747849,0.20537484258371141,1.366073488826745,1.456833668538119,19.555357412637633
K,240,2,4,PLS (10 komponen),SG derivative,0.7890583186367932,2.180498692633656,0.08196481955750046,0.3324457393388539,2.337051910678646,6.698747996553035
K,240,2,5,PLS (10 komponen),SNV,1.043553059151473,1.9507117034520343,0.13336007285804985,0.945629407490338,2.3722646782623764,17.770064979390032
N,300,1,1,PLS (10 komponen),SNV,0.14148355868863466,0.2889580376938554,0.7869551191523666,1.0123615260355865,0.6680419615868559,56.745525833816
N,300,1,2,PLS (10 komponen),SNV,0.11449402079067325,0.19088830555195846,0.9355208936471503,2.5924846394809586,0.8291878893090916,76.97888403664297
N,300,1,3,PLS (10 komponen),SNV,0.15836942428096962,0.2626131535752433,0.8925770475150556,1.4214158541493163,0.881276691103859,70.20082838611079
N,300,1,4,PLS (10 komponen),SG derivative,0.11358161576905149,0.18557944432596588,0.855787566300275,1.8325979002428503,0.5213985372112638,64.40737150538428
N,300,1,5,PLS (10 komponen),SG derivative,0.1235992133117215,0.18664338802437414,0.9097983404697579,2.198510776853307,0.6828521291514487,72.66708558757693
N,300,2,1,PLS (10 komponen),SNV,0.14944417527731388,0.2559543738393642,0.888837409591436,1.2527428040797433,0.8178651505367186,68.7045751159105
N,300,2,2,PLS (10 komponen),SNV,0.11551290261262172,0.16056353178224048,0.9051384487430334,1.582613418996221,0.5697283367111615,71.8175275063346
N,300,2,3,PLS (5 komponen),SG derivative,0.1768624392221276,0.3442542464183109,0.8194282749712716,1.3172075617005112,0.9072596239596705,62.055597171200276
N,300,2,4,PLS (10 komponen),SNV,0.1071466529386225,0.15830499840278872,0.9123642499535909,2.253608563213348,0.5667489610969425,72.0678802663547
N,300,2,5,PLS (10 komponen),SNV,0.1494572493613124,0.2527280488339723,0.8473804614984045,2.027327407321506,0.7151174063000657,64.65922286222091
P,300,1,1,PLS (5 komponen),SNV,12.557150875429516,21.397136944896705,-0.13113440155018008,0.9180954162687646,22.526477636302914,5.013392282805023
P,300,1,2,PCA 95% + Ridge,SNV,12.312829691751466,22.198414845162937,-0.11830312814617439,0.6209219260087591,23.12186962055922,3.9938585873487384
P,300,1,3,PLS (10 komponen),SNV,12.125832001229526,23.325072537870454,-0.08901983915713374,0.6949720080690465,24.563418800971696,5.04142470205432
P,300,1,4,PLS (5 komponen),SNV,13.223705313630102,24.30550323709314,-0.11361593437401596,0.753458787557702,25.28724986217221,3.8823779985172946
P,300,1,5,PLS (10 komponen),SNV,11.142492280865342,24.273668015761906,0.09442761648139941,0.3472764188142584,26.082682169643615,6.9356906705980315
P,300,2,1,PLS (10 komponen),SNV,9.157711031161922,13.985050828690778,-0.06273333509375911,0.6544302278275519,14.192991399510452,1.4650933335085878
P,300,2,2,PLS (5 komponen),SG derivative,16.40515234143053,25.59739261430637,-0.24304160416285248,0.8700308986764932,26.810483953077917,4.524690195427382
P,300,2,3,PLS (5 komponen),SG derivative,14.491417148907846,31.697395612354473,-0.03561541550519176,0.5998212392372205,33.289711352167,4.783206808156573
P,300,2,4,PLS (5 komponen),SG derivative,11.47462293302962,21.105643436234935,-0.026022313794743734,0.7049253222224476,22.27546716063618,5.251623752558078
P,300,2,5,PLS (10 komponen),SNV,9.88573846348868,19.79428885941054,-0.04493366750703376,0.7206783280429915,20.930904274559627,5.430321596428023
K,300,1,1,PLS (10 komponen),SG derivative,0.5309171238793865,0.7443448519925084,0.28770843933119383,1.2410138897917031,0.9641801044924795,22.800226998635992
K,300,1,2,PLS (10 komponen),SG derivative,0.766104876257003,1.2008120306051853,0.4516014465214899,1.0463634763698517,1.7944552577890898,33.08208575316164
K,300,1,3,PLS (10 komponen),SG derivative,0.9037924767014017,2.070355535814858,0.08993499897855894,0.45562464208773246,2.2750770789443266,8.998444273565573
K,300,1,4,PLS (10 komponen),SNV,0.8597978740059651,1.7705648200758122,0.1773287091221707,0.6057220123486338,2.0794238673225656,14.85310677156147
K,300,1,5,PLS (5 komponen),SG derivative,0.6704282062588445,0.9791803000214213,0.24077666317823865,1.4733988670223135,1.2353893522394117,20.739133921913428
K,300,2,1,PLS (5 komponen),SG derivative,0.7573753679938099,1.2276672560068924,0.3188426031197418,0.595790509538436,1.5993833445964554,23.24121292405678
K,300,2,2,PLS (10 komponen),SNV,0.761993316832388,1.6387239553718689,0.162226051120117,0.6955425083688664,1.8977081568760588,13.647209164686348
K,300,2,3,PLS (10 komponen),SG derivative,0.7853190215878351,1.118288863264228,-0.17506177123672084,1.356146760526878,1.1700140071705893,4.420899543882102
K,300,2,4,PLS (5 komponen),SG derivative,0.7292389330091719,1.2271327780409913,0.4090862582556877,1.0180764643858837,1.7301913570560954,29.075314528853827
K,300,2,5,PLS (10 komponen),SG derivative,0.668922176946585,1.9686248065342848,0.08985361713807927,0.46314866943737437,2.156821014239982,8.72562936206431
N,1000,1,1,PLS (10 komponen),SG derivative,0.1393024057200602,0.26519960092295775,0.8881231910803746,1.6077297818165772,0.8855742187759887,70.05337381100503
N,1000,1,2,PLS (10 komponen),SG derivative,0.09947990066142393,0.18399337576359806,0.8961463161779483,2.3670281508371804,0.6211152100995435,70.37693285049157
N,1000,1,3,PLS (10 komponen),SG derivative,0.11548470156356512,0.21209004085304256,0.900846451811961,1.8607780846883575,0.7293768163776964,70.92174633321288
N,1000,1,4,PLS (10 komponen),SG derivative,0.10364955109626496,0.1906606163174651,0.9217458883348715,1.8856673546117486,0.7399960345988137,74.23491378290545
N,1000,1,5,PLS (10 komponen),SG derivative,0.12095378579150129,0.23709893264192325,0.826373458092734,1.238470358040234,0.6030806612793093,60.6853696586842
N,1000,2,1,PLS (10 komponen),SG derivative,0.09977663380611332,0.20633822963967433,0.8616351624454169,1.8600164432456925,0.6031476158189023,65.78976286600654
N,1000,2,2,PLS (10 komponen),SG derivative,0.13647681188103394,0.2563681025930018,0.872493312153298,1.7253679067552794,0.7935580105600759,67.69384226717555
N,1000,2,3,PLS (10 komponen),SG derivative,0.10236281410375016,0.1852667274295904,0.9169490199044096,1.8937966081002942,0.6871369239340148,73.03787338789824
N,1000,2,4,PLS (10 komponen),SG derivative,0.10974750921797902,0.20214491550417477,0.9095607012277407,2.1811332671926356,0.7243799066173987,72.09407471721282
N,1000,2,5,PLS (10 komponen),SG derivative,0.11529213224475292,0.20231612765112475,0.9207554648920853,2.165138810660529,0.7884659521599253,74.34053720431434
P,1000,1,1,PLS (10 komponen),SG derivative,12.970847614467385,28.005016611136643,0.0475253650791958,0.6515186583795479,31.208402111471617,10.264497005944019
P,1000,1,2,PLS (10 komponen),SG derivative,12.020757295752428,23.227061966487877,0.08230437361308673,0.7515165940998011,26.18496014302382,11.296172155236153
P,1000,1,3,PLS (10 komponen),SG derivative,9.005716283037591,17.388520121096725,0.2551033967762951,0.6895123861319025,21.067269577333835,17.461918559180813
P,1000,1,4,PLS (10 komponen),SG derivative,13.744472271803275,33.3078636337686,0.09099024940971423,0.5195544118433154,37.15157497287231,10.346025281324819
P,1000,1,5,PLS (10 komponen),SG derivative,10.810506184507435,24.77085588612521,0.02081506109737563,0.6231671029440009,26.217029245656242,5.516160301688794
P,1000,2,1,PLS (10 komponen),SG derivative,12.035724631735825,24.315890142491476,0.04192574106912561,0.769168530964733,26.92115991006588,9.677405343149013
P,1000,2,2,PLS (10 komponen),SG derivative,15.463582216678992,33.45972255583318,0.10978802114392427,0.5604200682988318,37.85854895212309,11.619109865654853
P,1000,2,3,PLS (10 komponen),SG derivative,10.567312248067738,28.27435735936866,0.14113496682332138,0.5414555423989958,31.62632602385671,10.598666003631138
P,1000,2,4,PLS (10 komponen),SG derivative,10.82225714057538,22.405448433402853,0.00949489461465891,0.718356298372714,24.45085194127124,8.365367034168226
P,1000,2,5,PLS (10 komponen),SG derivative,9.280606612997888,17.297573920135413,0.16054807069492616,0.7607016198198152,20.273941085877986,14.68075276106919
K,1000,1,1,PLS (10 komponen),SG derivative,0.8093277772191323,1.9129840792198396,0.31363394523143473,0.5805667763073781,2.4501811160121134,21.92478887710185
K,1000,1,2,PLS (10 komponen),SG derivative,0.6396570077485477,0.9985306604839101,0.44854417928574164,1.0448151882430965,1.4645917727481987,31.82191249031525
K,1000,1,3,PLS (10 komponen),SG derivative,0.6365453609732752,1.2535854153540673,0.4244058417102645,0.9672555895662893,1.7649494125265002,28.9732948459085
K,1000,1,4,PLS (10 komponen),SG derivative,0.5497959433344033,0.9435774933330976,0.3440196032020061,1.0259835645086202,1.2448963089875738,24.20433039114134
K,1000,1,5,PLS (10 komponen),SG derivative,0.5723133087325,0.9614231670557007,0.5237544592553853,0.9170935652613801,1.4706884680181938,34.627680303276364
K,1000,2,1,PLS (10 komponen),SG derivative,0.5648750031087301,0.8294342913285435,0.3995777748977897,1.1299757611430665,1.1457133188532878,27.60542470094517
K,1000,2,2,PLS (10 komponen),SG derivative,0.7792043701838658,1.9235472530506625,0.21346167383361514,0.6088438940829879,2.2850779334006903,15.821372000734867
K,1000,2,3,PLS (10 komponen),SG derivative,0.5939239542151508,1.054705478890301,0.33707676344419846,0.8667941129516843,1.352118666913449,21.9960862386486
K,1000,2,4,PLS (10 komponen),SG derivative,0.6808734241235408,1.1943987719433555,0.4974530341705018,0.9275231405316106,1.8612522009469719,35.82821439589612
K,1000,2,5,PLS (10 komponen),SG derivative,0.6470141951620488,1.2076045471413839,0.47217765569131365,1.0092723544147726,1.7773288993221201,32.05508853189926
