family,target,budget,n_folds,model_bytes_median,mae_median,mae_q025,mae_q975,rmse_median,rmse_q025,rmse_q975,r2_median,r2_q025,r2_q975,rpiq_median,rpiq_q025,rpiq_q975,baseline_rmse_median,baseline_rmse_q025,baseline_rmse_q975,rmse_improvement_pct_median,rmse_improvement_pct_q025,rmse_improvement_pct_q975,fit_seconds_median,fit_seconds_q025,fit_seconds_q975
PCA–Gaussian Process,K,60,5,362747.0,1.0482556176881477,0.8258501396387423,2.2941022050964195,1.6600075940112218,0.9545103345488815,4.171799145738556,-0.2051350225108377,-0.5065993873862784,-0.026861090408769297,0.6422263190235844,0.12660934897029685,1.5994324678866285,1.7422233128591942,0.8100439928862758,4.258075022548805,4.719011520575207,-20.482143066503905,12.253410500504254,0.005675916996551678,0.005330532995867543,0.0071258791867876425
PCA–Gaussian Process,K,120,5,426500.0,0.9828763832428358,0.8085048280558911,1.7327067547269124,1.4671544176924227,1.0742560550038833,3.598342028634217,0.1592862008400715,-0.14654410681972777,0.20543971699907437,0.9084268730869277,0.35488244947038255,1.1409165687233955,1.6675276701993704,1.2055178623700742,3.892959826815275,9.714097320158512,7.279407244196406,20.825787280233527,0.008947333000833169,0.00789877878560219,0.01012749130022712
PCA–Gaussian Process,K,180,5,527108.0,0.7611951112572384,0.6831384344205915,1.4176001421621538,1.0822191512409483,0.885647404015121,2.814821650787062,-0.006791287138195878,-0.10107730587503783,0.2651304539756398,0.7322964383072168,0.5700352294925862,1.5279974819971642,1.2378774138601372,0.977047725526068,3.059387497830929,11.756997178684795,7.655028788694811,17.67802456617043,0.008678583020810038,0.008434975598356686,0.009124804398743436
PCA–Gaussian Process,K,240,5,664584.0,0.899813622368472,0.7169969439390692,0.9722437553757258,1.3327131896955848,1.0601862626732248,2.245337362773428,0.12091261287998112,0.0387636468629298,0.24931717305931073,0.630247762730362,0.4562896714716826,1.1870181970299991,1.6445064057924157,1.3565737456804083,2.3979313097170305,15.566534240917742,6.3742357287311595,22.302835050793266,0.010885208001127467,0.008832708606496454,0.012814050001907162
PCA–Gaussian Process,K,300,5,838920.0,0.8537817637385607,0.5728553885873676,0.9021383898510488,1.4592459416640513,0.7833929277725231,2.1295509410144526,0.139950592546225,0.01826846001240362,0.2600975656180461,0.8610514615363251,0.45117945208238974,1.3683162271098266,1.7944552577890898,0.9913010292671727,2.2555117577821506,15.64016151181568,5.641295292119533,21.42727987383445,0.012137041019741446,0.011822558593121358,0.013075563102029264
PCA–Gaussian Process,K,1000,5,5596695.0,0.6264778662465367,0.5578449737699326,0.80032611025989,1.0321376113425997,0.9749761004878275,1.9494666695246332,0.36166256289059784,0.24214885145502532,0.44966681424648164,0.9184896759805843,0.580403668395488,1.029982892652303,1.4706884680181938,1.2668658553636363,2.381657945663552,25.20223213676707,18.02260418735109,30.959782271394758,0.047467124997638166,0.04171956279024016,0.06882118330395315
PCA–Gaussian Process,N,60,5,362747.0,0.39077235249923814,0.289478063323515,0.5463718130291911,0.6241178231566546,0.3601542866915109,0.9162774689828921,0.25979201406395136,0.15043779489452455,0.312507537988208,0.9583649839244822,0.5838765338298373,1.2125563384857008,0.814515361273193,0.4405009789335883,1.161871842778146,22.8993885292639,17.945445566162647,24.438070248261763,0.006170917011331767,0.005361433001235127,0.014937987184384837
PCA–Gaussian Process,N,120,5,426500.0,0.2657588083578945,0.22726142085512283,0.42576984433714976,0.40168590117349595,0.3154136973251239,0.7584458898298637,0.4808269095490214,0.12062207019441298,0.6948204471664217,0.6463258960335406,0.3035571300952335,1.1943552503639032,0.7145803969113622,0.46395898467337815,0.9855363399675784,29.96481283164298,23.18734397005638,50.8863607305523,0.007353875000262633,0.007129933693795465,0.02458879589103162
PCA–Gaussian Process,N,180,5,527108.0,0.2447021730346638,0.21924208173652382,0.2748187033419879,0.4176992411468082,0.3519303916859827,0.5275164371100298,0.5729193082270043,0.3353602622876678,0.6883633738184796,0.9885534303503568,0.6478799811640588,1.6312353115496192,0.6916219281567669,0.5842377847924475,0.8262379634532007,39.26774617772026,24.125518964582472,50.17145848105254,0.008915708982385695,0.008489404799183831,0.025800271096522918
PCA–Gaussian Process,N,240,5,664584.0,0.21755701202846522,0.196912950499383,0.26913542079182984,0.40575021017810603,0.3456086530165885,0.45617605035554704,0.6425121666121734,0.3997279376615578,0.6840260900270203,0.925141154375456,0.6012167535094423,2.112301252402196,0.6589564844190157,0.6263512280693511,0.8068582281646978,46.59888980356617,27.731491247600363,48.60495777857495,0.011649916996248066,0.009081233013421296,0.031013045800500547
PCA–Gaussian Process,N,300,5,838920.0,0.18141060091064715,0.16053693258324367,0.2718473205124444,0.29675923736446064,0.2743639501551397,0.5456851134022211,0.7474153883174784,0.46102389770321656,0.8051917279808076,0.9857485906689181,0.885803591637902,1.4728590937788095,0.6828521291514487,0.536062879648823,0.8760678109243822,54.30600886034587,33.36652934492723,59.715931489404106,0.011980749986832961,0.011486596497707068,0.028791511891176923
PCA–Gaussian Process,N,1000,5,5596695.0,0.14328032796158094,0.12969106605779587,0.17377741112143638,0.2736050446171412,0.22870412927511005,0.3461480985715498,0.807080542987095,0.7730862774979574,0.8421895430770696,1.224320373599046,1.1058194229630498,1.8768199171898685,0.7293768163776964,0.6048841161613326,0.8710164003582712,60.675258022992864,56.040085033259814,63.467525902097,0.05681658300454728,0.04080624971247744,0.095231438105111
PCA–Gaussian Process,P,60,5,362747.0,14.142865768853511,5.713748441843723,19.707294234015635,23.318368781053643,7.803715927701096,36.521646390288964,-0.1269170392485719,-0.3316706568973039,0.2057478527735144,0.8693175569041655,0.47921972785835326,1.0833581405594856,24.156710923220352,9.166385318863242,37.50793050381182,3.470431652849159,1.8199546751088316,14.972149622660595,0.005651333020068705,0.0056063752970658244,0.005735504406038672
PCA–Gaussian Process,P,120,5,426500.0,10.837644638314222,7.844448328960217,19.996721464471673,18.728893946888366,11.362097713443612,35.63349752716971,-0.04619499607711508,-0.22929044265198545,0.1996466963809352,0.7417109911558788,0.6479369609186758,1.1698245461128167,19.76847331360908,13.142889179329364,36.86941147841375,5.258774161407,3.2521555745591693,14.059128063836107,0.009835500008193776,0.007933762195170857,0.010657237516716123
PCA–Gaussian Process,P,180,5,527108.0,14.472354856213773,8.570534585728627,16.696494687904675,24.324119680344147,11.600226219288167,32.27332853576714,-0.11186833860897161,-0.2518811660459984,0.12506835388476256,0.9309725407369648,0.4922923912644315,1.0149714999393729,25.108671899010805,12.49992114904783,33.901286588721355,4.508002673858886,2.8045852612699704,7.896383361738539,0.01022974998340942,0.008911554806400091,0.011627883004257456
PCA–Gaussian Process,P,240,5,664584.0,11.59047020442704,11.284690795596603,17.862594289058112,20.281776321095357,17.40506004775915,36.21020659662257,-0.06283626156509592,-0.20871287332281638,-0.017440225371442762,0.8594352756541196,0.5085294205029569,0.9993597576680077,20.610192428961092,17.716932698600854,39.025169141342495,5.111339139520968,1.3667845168068948,7.627863161523719,0.01152925001224503,0.008708687784383074,0.01254329999210313
PCA–Gaussian Process,P,300,5,838920.0,12.09959993682197,10.998209755158285,13.325874829706937,23.754133244684542,21.18240928672477,24.072914723373362,-0.0976894939095434,-0.1275312533478472,0.10203605417695774,0.6824190271656141,0.3800728124289367,0.9147840069646588,24.563418800971696,22.586016834728547,26.003138938896473,4.715607845085078,3.3992886987695603,8.257374419744202,0.012854375003371388,0.012015267214155755,0.018019504178664648
PCA–Gaussian Process,P,1000,5,5596695.0,12.213394183816517,9.878688584679708,14.400610245067865,24.642435440940474,19.158856655873045,33.57829487945982,0.05381857422718184,-0.07697215535568332,0.13207816514518736,0.6264146470829052,0.5192541309927327,0.7455589263084462,26.217029245656242,21.579038633902833,36.55725768673224,8.531304236734098,4.245780677142801,11.88316572088536,0.054587499995250255,0.04844273719936609,0.06498535420687404
PLS–Cascade Forest,K,60,5,1054244.0,1.0372187752199984,0.7687427948664124,2.1327388388091366,1.7024070021703428,0.9983582672659267,4.041309222882988,-0.11900887840847663,-1.4709538621472427,0.03265778114267404,0.6262313097243415,0.1233296677885117,1.6502962224275195,1.7422233128591942,0.8100439928862758,4.258075022548805,4.50567019534857,-53.853660087949876,15.037095372907316,0.878767333982978,0.8454014169983566,1.0809587290830678
PLS–Cascade Forest,K,120,5,1552595.0,0.7916736199834039,0.5195230500997741,1.5115370305865221,1.1861655707751648,0.9354259354598145,3.4326261345034776,0.35733691732021255,0.07993683397197557,0.47749160493003084,1.0435109199843495,0.3961238983838167,1.3573009099584308,1.6675276701993704,1.2055178623700742,3.892959826815275,21.40174224864924,11.894638108430604,35.429350105524605,0.850099584000418,0.8141960997163551,1.024614616719191
PLS–Cascade Forest,K,180,5,2048210.0,0.5931216293485945,0.4725207169098367,1.4381967972329226,0.9305247061166873,0.6138517402075632,2.8838027046749963,0.40743418857257563,-0.06208089372284834,0.49498236342117063,0.8790049856388853,0.5637049260616983,2.2147013435777727,1.2378774138601372,0.977047725526068,3.059387497830929,24.82901007015033,5.783123463413224,37.25768247885029,0.9074708750122227,0.8409936118958286,1.05820745441888
PLS–Cascade Forest,K,240,5,2543984.0,0.7557652490573937,0.6281542444705237,0.9421129886414319,1.1314280733490285,1.0161366407657673,2.161103170927304,0.2629360477892737,0.06162272652511044,0.45574477926862395,0.7419914882570037,0.4621458857072485,1.4218473206922513,1.6445064057924157,1.3565737456804083,2.3979313097170305,24.27083756152852,8.21798386282057,31.34146261102153,0.8318365000013728,0.8187674208165845,0.8434152331174118
PLS–Cascade Forest,K,300,5,3040607.0,0.69087917906028,0.5719518471915133,0.9922561730081627,1.2153532182541429,0.8724894763956059,2.178820941156015,0.18276829427228947,-0.05532906288852435,0.43465360453253266,1.019321693257486,0.4423634610289282,1.5980208228521804,1.7944552577890898,0.9913010292671727,2.2555117577821506,15.135073545024998,2.5885681336363553,32.012454062827445,0.8641673339880072,0.8346140415815171,0.9794329374912195
PLS–Cascade Forest,K,1000,5,8819598.0,0.595819301801061,0.5540142131440802,0.7938999657344173,1.0283665620680273,0.9523395717734945,1.8775931595964332,0.33385500245754784,0.300387917826765,0.4813436036894787,0.8972971886941125,0.6020196040064497,1.0741581323599785,1.4706884680181938,1.2668658553636363,2.381657945663552,23.619350179082172,21.227966857179396,33.667428583386254,1.1526329579937737,0.9322275669896044,1.2658362665795722
PLS–Cascade Forest,N,60,5,1057268.0,0.2396281181317891,0.12388905971227329,0.3367771426351044,0.36165655700872074,0.16491021324703142,0.6549223379597416,0.575085244857269,0.4429449256263332,0.8599307643403798,1.4126582556244593,0.7332209996059148,2.218704944083157,0.814515361273193,0.4405009789335883,1.161871842778146,44.11927635068008,32.41690519893001,66.63479051449993,0.7922945420141332,0.7808995547966333,0.8096608582913177
PLS–Cascade Forest,N,120,5,1549139.0,0.13484056908662279,0.1140380019416078,0.311895991674313,0.23892205810033956,0.19355844121694535,0.5292420962951081,0.7962599691325317,0.5651383443353661,0.8948771084651673,1.3619586584099146,0.4839234594830852,1.698981817220865,0.7145803969113622,0.46395898467337815,0.9855363399675784,56.69369738412623,45.94283908949213,69.73799806058257,0.8169449999986682,0.801130591405672,0.8482183413987514
PLS–Cascade Forest,N,180,5,2045762.0,0.15861977726729432,0.13675368044597466,0.17639445588297,0.29937492907533575,0.20243276151993173,0.32212310399350286,0.7993643717832992,0.7508554854320003,0.8654108770263067,1.5485597610225341,1.052660177574626,2.279778387942312,0.6916219281567669,0.5842377847924475,0.8262379634532007,59.892246295313655,53.49614807781432,66.13184669912103,0.8939919999975245,0.8483054454816739,0.9450397086184239
PLS–Cascade Forest,N,240,5,2544416.0,0.15311945573814237,0.10558837464913046,0.18684975724058753,0.26193424501036333,0.18143449587319835,0.36082275544820364,0.8662591200570977,0.6229989260464737,0.9125471717588837,1.8310225147575663,0.8901172647107718,3.0148987329470516,0.6589564844190157,0.6263512280693511,0.8068582281646978,66.75791513278689,43.112136533121266,72.4561784129359,0.8523267910059076,0.846455750305904,0.8617685669945786
PLS–Cascade Forest,N,300,5,3035999.0,0.13356852964740154,0.08663223927064306,0.16493660010962774,0.27385700409029423,0.14777045561044702,0.3046619700931439,0.8831814421699473,0.8012493151259388,0.9135712327867674,1.610769945497383,1.0713708433444245,2.3517944478876034,0.6828521291514487,0.536062879648823,0.8760678109243822,68.924969098267,58.36246917100494,73.16479787449691,0.8544410830072593,0.8369810332776979,0.9509945834201062
PLS–Cascade Forest,N,1000,5,8810517.0,0.11985284403087348,0.10122254102184039,0.12362961229230617,0.23595483551663665,0.19869103871192567,0.2644842765038061,0.8805033847217487,0.78870669816014,0.9107428597790433,1.706892075307863,1.1540869726113883,2.16669880243238,0.7293768163776964,0.6048841161613326,0.8710164003582712,68.22417229140228,56.82731292723067,73.17378676141604,0.9697436249989551,0.9107684041868197,1.0992592326772865
PLS–Cascade Forest,P,60,5,1054388.0,13.206280341960577,5.86821604866477,18.909201426417596,19.72370114938823,8.202396368558498,36.41985159098524,-0.13147714877951855,-0.203786715311522,0.1524099880551206,0.8437253864050077,0.4904995765654712,1.0459123228403133,24.156710923220352,9.166385318863242,37.50793050381182,6.529043842107605,-5.252609875078386,17.806600314349097,0.8366897919913754,0.8147087006276706,0.8464615499950014
PLS–Cascade Forest,P,120,5,1547267.0,10.358674000621745,7.642385730683792,20.916656861954685,18.30807677414638,10.489116127562394,35.659347765097024,0.00029048074150461733,-0.23080706769447373,0.31915236561609117,0.7434545915312082,0.6611629118848424,1.2735556039469695,19.76847331360908,13.142889179329364,36.86941147841375,6.452483315014525,3.3709003036320646,20.763055458067768,0.812769959011348,0.7971549207984936,0.8272748665855033
PLS–Cascade Forest,P,180,5,2045474.0,14.510209511661536,8.45875626208454,17.42285501321267,23.713737310283516,11.88792507713506,32.59454379987658,-0.14143583381298352,-0.1788108215512744,0.05611517258208733,0.9463815450429216,0.48688616797120843,1.0568444677416566,25.108671899010805,12.49992114904783,33.901286588721355,4.325789947286081,1.7994806873678906,7.148521907380175,0.8550567500060424,0.8244674835761543,1.0900533840118443
PLS–Cascade Forest,P,240,5,2544704.0,11.985420639505074,10.347108109001612,18.403664817702495,19.031628892738535,17.240070196057857,36.84329273360328,-0.10388114536077153,-0.1843861187545799,0.08831044754821643,0.8706819740637224,0.5370886359505447,0.9826835354440253,20.610192428961092,17.716932698600854,39.025169141342495,5.553577328852596,2.68402946939682,7.506346959597155,0.8906522500037681,0.8394742622156628,0.9340827707957942
PLS–Cascade Forest,P,300,5,3043631.0,11.553808869167712,11.097730905786074,13.083188393879135,22.76134980825662,21.243536416499722,24.136809006831452,-0.03701684768104774,-0.1206744211948408,0.1035481438841631,0.7121841470983309,0.3815436513862051,0.9050942853110285,24.563418800971696,22.586016834728547,26.003138938896473,7.336393224886869,4.5604689457237555,8.157898836298747,0.8407634999894071,0.8322975999995833,0.8515874660777627
PLS–Cascade Forest,P,1000,5,8809374.0,12.398361836132876,10.212830156877914,14.214090636369459,24.834440427890954,19.84690072178566,34.10010441714781,0.016752917655894817,-0.03225583816266007,0.06838566684657,0.6215715850260825,0.5113491224176667,0.7247652844846355,26.217029245656242,21.579038633902833,36.55725768673224,6.756920006994756,5.380330108016651,9.25993905242678,1.2430603750108276,1.0993287289107685,1.588521679083351
PLS–Cubist,K,60,5,522115.0,1.1412015660395078,0.8950994813289659,1.9505027443633718,1.7390813419294882,1.1682862349520216,4.0283101636681335,-0.32268171400546164,-1.9179363428261849,0.043017944877344456,0.6130251305382869,0.12117228701894567,1.4221637616862692,1.7422233128591942,0.8100439928862758,4.258075022548805,0.214672542744823,-66.97450431128725,16.000155804498267,0.013008541980525479,0.012883787180180661,0.013313562487019226
PLS–Cubist,K,120,5,534600.0,0.8094519825659777,0.6564488756828274,1.417394803269849,1.1543231872902129,0.9668628710612898,3.2973949523831743,0.1558376820856634,-0.03020031175835389,0.5761751073826794,0.9572028839776296,0.3509071338447958,1.5649130270511094,1.6675276701993704,1.2055178623700742,3.892959826815275,14.841841592555857,8.133324108681595,42.19005473944681,0.021676249976735562,0.019282283008215016,0.039481237498694095
PLS–Cubist,K,180,5,546490.0,0.6650624642657483,0.6017159372936454,1.3291751131926295,1.0608781518856572,0.8810056037499634,2.705488338332245,0.05761128596308418,-0.05585015420596512,0.28235591574087593,0.6298581963068489,0.591277009188716,1.565918005119317,1.2378774138601372,0.977047725526068,3.059387497830929,10.597939199914965,5.44338271580964,20.437407796443804,0.029697999998461455,0.028824442281620576,0.03113805409811903
PLS–Cubist,K,240,5,560340.0,0.7394315645809854,0.6580344705382202,0.9552604953394248,1.2308299998256018,0.9704244813783924,2.1312097194099664,0.14943194712011043,-0.07391261566197443,0.5417829531596366,0.7697853980855275,0.4846770653581378,1.57169219696545,1.6445064057924157,1.3565737456804083,2.3979313097170305,12.729029407844196,7.927850195369787,38.796844013700266,0.036835708015132695,0.03558710830693599,0.03891688328294549
PLS–Cubist,K,300,5,574690.0,0.6448483052753211,0.5828590006452187,0.9028755951001873,1.104231171875282,0.8994074321645604,2.074676693604734,0.19571094364335795,-0.05789560775488306,0.5187925648868037,1.0123806090066434,0.4634889691283056,1.5597910738162553,1.7944552577890898,0.9913010292671727,2.2555117577821506,15.809766266872911,5.551688569589451,37.34921209934678,0.045819499995559454,0.045107475298573264,0.0482062538882019
PLS–Cubist,K,1000,5,741438.0,0.5978462461142017,0.5601581025136855,0.8122754721789451,1.0903643748019123,0.9171477562524207,1.8247868972421688,0.37046129823183027,0.14522327442017652,0.5381513448412325,0.8887141523468799,0.619934626345191,1.1256470738499145,1.4706884680181938,1.2668658553636363,2.381657945663552,25.719520771805172,13.491367567936377,37.40668962567239,0.17875275001279078,0.1737528035941068,0.20385249999235383
PLS–Cubist,N,60,5,522161.0,0.19323552313138756,0.1332225603607801,0.24513171054118277,0.29256269436107823,0.15999263176681439,0.3949582183668948,0.8732657051993167,0.48050680606016133,0.8937568439529433,1.5233486995780534,0.957377730836207,2.798886388390079,0.814515361273193,0.4405009789335883,1.161871842778146,68.09725772043119,34.963504320045814,71.91588343367033,0.013418334012385458,0.013001187506597489,0.02168135060346685
PLS–Cubist,N,120,5,537601.0,0.1529234722759292,0.13925213023585162,0.22394508133092134,0.24264237948832118,0.1935612772147255,0.36354408580296244,0.8163231492489288,0.7910820515110877,0.8883163640130318,1.0095543230125235,0.59061037547725,2.3720150248932867,0.7145803969113622,0.46395898467337815,0.9855363399675784,62.86510483312713,57.25958338390239,69.79576074127682,0.020983666996471584,0.01940446251537651,0.03525049998424947
PLS–Cubist,N,180,5,548349.0,0.15819826128987177,0.09970494888627632,0.17495749862720497,0.2737350329779189,0.14789592991839162,0.3637424270916246,0.8531053316447658,0.6998321251620784,0.9269934765349093,1.641986168821579,1.3813670258369675,3.0558626982525574,0.6916219281567669,0.5842377847924475,0.8262379634532007,66.25259393388696,50.839570238796746,75.00928628730372,0.03775229200255126,0.0312069163977867,0.05207392049778718
PLS–Cubist,N,240,5,567128.0,0.12700963198818424,0.09772754245539862,0.15369893394224002,0.22295896194392417,0.17291659940138643,0.30047131804182176,0.9019918209985031,0.7396245238030994,0.9208660268066219,2.1177717487791186,1.0556624471946532,3.3970742947018695,0.6589564844190157,0.6263512280693511,0.8068582281646978,70.15019754152196,52.669692883199254,73.90071855560089,0.036746958998264745,0.03605724198860116,0.05117027108208276
PLS–Cubist,N,300,5,577632.0,0.10841554240091363,0.10485448255829023,0.13185565633305085,0.18107528606464846,0.1694942577313196,0.24620296423820354,0.9125279979389436,0.8457355111397666,0.9465980444242809,2.061476792955217,1.2584168888743306,2.4016656816920703,0.6828521291514487,0.536062879648823,0.8760678109243822,73.18663000407473,63.21991861135536,79.02587076280113,0.06352229201002046,0.04605020828894339,0.06783467500645202
PLS–Cubist,N,1000,5,730626.0,0.10450434503781096,0.08080667107527859,0.11676587482661252,0.18215764308337334,0.14515914084524473,0.24729556205667733,0.9108868079946533,0.8135527079184476,0.9556977753491667,2.3406610302624604,1.2431992529352554,2.5297898274153887,0.7293768163776964,0.6048841161613326,0.8710164003582712,72.43327391188109,59.52255238470849,80.68209092601305,0.17618829201092012,0.17309520858980249,0.19654389998177066
PLS–Cubist,P,60,5,519606.0,12.48232452255836,6.68666861773863,19.638753404660974,18.31536733470007,8.754991320932913,34.94166223998695,0.07590706264123526,-1.5551488921694507,0.28032306341337637,0.9167442909781263,0.48319687934054106,1.0442825913558107,24.156710923220352,9.166385318863242,37.50793050381182,11.856503322513307,-52.543041582181694,28.57116450467931,0.012524084013421088,0.01193521250388585,0.014044324989663437
PLS–Cubist,P,120,5,535282.0,14.912062856476497,7.665087329825428,21.6393935410223,23.26385354598511,12.548280465535692,36.223390770445484,-0.17489324340780898,-3.686053561935302,0.05495106403803915,0.6950918500254536,0.4166485847650759,1.0571680310240417,19.76847331360908,13.142889179329364,36.86941147841375,5.609139987351289,-104.49847111259123,6.970000167943295,0.02044454199494794,0.019713349404628388,0.02183551191701554
PLS–Cubist,P,180,5,546436.0,15.422161541710405,12.842920869481276,18.404586615069256,25.459227602346864,18.900961322774158,31.29536360583228,-0.06100774626523009,-1.725412611877398,0.14538044087980168,0.7155363213893914,0.48980735715648654,1.2070457950995188,25.108671899010805,12.49992114904783,33.901286588721355,6.717629738590961,-61.33597133419293,19.064122745679338,0.037192707997746766,0.02885946218739264,0.056571487212204376
PLS–Cubist,P,240,5,560082.0,13.823684215701398,11.868503849530835,17.094478205477053,22.152952537502724,18.41169593766914,33.24968352324581,-0.017735044719203952,-0.6424421047601455,0.16212334528705957,0.7437689354646927,0.5603314097930615,1.033351968488152,20.610192428961092,17.716932698600854,39.025169141342495,10.752118058631417,-17.608871045945435,15.00957106540036,0.037457583006471395,0.035629242315189914,0.03857886219921056
PLS–Cubist,P,300,5,569855.0,12.527720474146404,10.21991892781043,13.582585439595418,22.770312359654053,20.22663440180724,23.326437772353287,-0.022483105764671052,-0.2618308282283902,0.32350762633725366,0.6948099368439185,0.4375015534521125,0.855088248265395,24.563418800971696,22.586016834728547,26.003138938896473,7.899206934799056,-0.4722650110403941,20.368707261158953,0.04671791699365713,0.04563435450254474,0.0472572794824373
PLS–Cubist,P,1000,5,709632.0,12.988140549304681,11.441496688626911,14.228242862673229,25.317977783079858,21.03260604230549,33.62935082241583,-0.022917782322843916,-0.047241814385116807,0.03868426510404227,0.6097004520762405,0.5137035871623086,0.7034914724390503,26.217029245656242,21.579038633902833,36.55725768673224,6.224316179423813,2.1630443064519653,8.206157927249556,0.18549783300841227,0.17945029971015175,0.2457546458055731
PLS–Extra Trees,K,60,5,1322632.0,1.004175196873122,0.7357420437280243,2.139227922542703,1.668545495347062,0.9488812066583481,4.0327741410347935,-0.09085659849592576,-0.7181283939053106,0.08735359331932,0.6389400646407138,0.127834456984392,1.7024493186358844,1.7422233128591942,0.8100439928862758,4.258075022548805,4.603549860595977,-28.476470454737168,17.572160804367766,0.09654008300276473,0.08616521279036533,0.10110323360131587
PLS–Extra Trees,K,120,5,1892368.0,0.8780505295718385,0.5492652068832692,1.5733673984483845,1.295031064993813,0.8128072750964733,3.4756840024863043,0.2301663142124466,0.07095321019267038,0.5201522635613492,0.9679718964417384,0.4012902115807082,1.1716592820972265,1.6675276701993704,1.2055178623700742,3.892959826815275,22.33825632176895,11.317610617316026,32.94861496489341,0.09939958300674334,0.09025463779980783,0.10146339200437068
PLS–Extra Trees,K,180,5,2465560.0,0.6023836411409756,0.5431943713162691,1.3346087454262308,1.0559891660007117,0.6916133455193312,2.7233990948982196,0.23686794009892886,0.041648605820762595,0.5556110649524638,0.9655346761825101,0.5874365494708598,1.928543120941063,1.2378774138601372,0.977047725526068,3.059387497830929,16.572908238232824,10.817988194395713,37.002856115884974,0.1112221670045983,0.10434040358231869,0.12004271671175956
PLS–Extra Trees,K,240,5,3038754.0,0.8024786180957756,0.6245655889979262,0.9348650179646301,1.2056240809518364,0.9718014601945411,2.1698588177844242,0.28058003658806363,0.050956076222644954,0.4506180134264901,0.7441102920519952,0.45956595590012683,1.2969760267150132,1.6445064057924157,1.3565737456804083,2.3979313097170305,23.618209570940262,7.6986083422952785,31.09014891831271,0.11634929201682098,0.10372605829907115,0.1216687959007686
PLS–Extra Trees,K,300,5,3613980.0,0.7190370568611253,0.5172233795899924,0.9190530268946575,1.310877794856327,0.7332252521108877,2.1049535349910355,0.34363508212596927,0.04079953694760717,0.34636150553120854,0.9585072351831956,0.45640074378275775,1.5556419512008353,1.7944552577890898,0.9913010292671727,2.2555117577821506,25.995683009105356,6.72945980059429,26.88393662222983,0.11029770798631944,0.10347792981483508,0.12175390889169649
PLS–Extra Trees,K,1000,5,10299231.0,0.6015253854989321,0.5457192439630688,0.7853287041359601,1.0455794189132428,0.962789469500149,1.9127247153723315,0.3670603934698503,0.2705436136962018,0.47822230372236574,0.9223978893907483,0.5893598322657443,1.071605368397162,1.4706884680181938,1.2668658553636363,2.381657945663552,25.519151378209077,19.570340738697144,33.46849896105568,0.22412887500831857,0.20243790409294887,0.22948328369820956
PLS–Extra Trees,N,60,5,1323928.0,0.27517902884054146,0.14315351226267964,0.3492154512247142,0.42329619010179337,0.17458016036003443,0.6857753930582489,0.6208124024264462,0.5224521578948155,0.8236346603918683,1.3446110344394937,0.7143109010041622,2.0440435577915967,0.814515361273193,0.4405009789335883,1.161871842778146,44.263978250993354,37.314616779939975,62.64732637940456,0.10017966598388739,0.09652534550987184,0.10362402497557924
PLS–Extra Trees,N,120,5,1897120.0,0.1737533863853057,0.1154663566897169,0.33909806433132045,0.28087511574414314,0.19259400378712047,0.598577348993554,0.8024670728892712,0.45011028017722216,0.8803824240664798,1.297410209017055,0.4507074704459502,1.455862522605025,0.7145803969113622,0.46395898467337815,0.9855363399675784,56.8784884497274,39.587385286576094,67.81165591389971,0.1063913750112988,0.0958186328120064,0.11088552967703436
PLS–Extra Trees,N,180,5,2465560.0,0.16929407504383323,0.16635644641709516,0.1991502166324213,0.29437050956802957,0.2499654934688534,0.39910914228438255,0.7892508364665833,0.6179262916814814,0.8163453515909908,1.4113242206279162,0.8597363261632609,2.1159071525227695,0.6916219281567669,0.5842377847924475,0.8262379634532007,57.33739605024399,42.54485662331474,61.698778155769496,0.12282237500767224,0.10753398329252377,0.1716999785916414
PLS–Extra Trees,N,240,5,3041346.0,0.16076555699055717,0.12358675807002896,0.19129991891656692,0.2823071828016827,0.2164395315322329,0.3830963862145026,0.8446456315241322,0.5733311857062817,0.8735838596129879,1.605215302308677,0.8388169031571397,2.9709816924447003,0.6589564844190157,0.6263512280693511,0.8068582281646978,65.21984056699937,39.55199998343253,66.17186409732281,0.10499441702268086,0.10183757919876371,0.1179562707839068
PLS–Extra Trees,N,300,5,3608787.0,0.1406094554505414,0.09626352227430218,0.18207893466500147,0.27530398524199295,0.14331247059868055,0.35364679139491195,0.8819437099750497,0.7713834061772914,0.918680083314749,1.3704812039216618,1.0541925274297725,2.4295447905210863,0.6828521291514487,0.536062879648823,0.8760678109243822,68.76077762851574,56.51644983918526,73.35770219574933,0.10931925001204945,0.10297794589132536,0.11634197109669912
PLS–Extra Trees,N,1000,5,10287432.0,0.11474898967790764,0.10423830350737755,0.13209597205899368,0.2294550844804749,0.19605240310239463,0.25823397473508763,0.8858547093710096,0.8408335099884716,0.8922728052503023,1.6367260302471909,1.311918467113018,2.1959225447157813,0.7293768163776964,0.6048841161613326,0.8710164003582712,68.94381757777498,62.45167426530413,70.52930699733973,0.19971308298408985,0.19023541217902676,0.21010830829909538
PLS–Extra Trees,P,60,5,1321480.0,13.92542778642005,5.948022249772029,19.9387425010987,22.061836005236167,8.306011071359206,36.88996084290109,-0.1538537927307364,-0.22985493432293805,0.10286970503871584,0.8755808540777653,0.4781585759550859,1.0209937169209338,24.156710923220352,9.166385318863242,37.50793050381182,2.422604034236822,-0.10215317587456443,10.565767804008647,0.09884033299749717,0.09850077471928671,0.10118231310043484
PLS–Extra Trees,P,120,5,1894672.0,10.464417252768465,8.390156897751488,20.58708582930997,18.27482111167765,11.793105409900493,35.873651228735554,-0.0599051262150565,-0.24835169977464389,0.1439376940309397,0.7177203031170141,0.6619568680113901,1.1265242501964727,19.76847331360908,13.142889179329364,36.86941147841375,3.0982814562292065,1.2494819579198841,11.204075621138632,0.10243708299822174,0.09249019169947133,0.10561951280687935
PLS–Extra Trees,P,180,5,2471176.0,13.859338562771258,8.038322501297818,16.914959421105213,24.000072244551724,11.736426716754885,32.26093851850553,-0.028846700190066743,-0.18684881898254488,0.06541681067635284,0.9435424722582108,0.4916003831822561,1.1076184155138933,25.108671899010805,12.49992114904783,33.901286588721355,4.721667653359078,1.6148695995723132,11.331786281524911,0.11274937499547377,0.10479216219100636,0.11518419561907649
PLS–Extra Trees,P,240,5,3043362.0,11.509866545612448,10.243392585598055,17.91611119670919,19.10939496331399,16.650339783155914,37.085276736725675,-0.07431535024958325,-0.1271131302282248,0.08406442931810594,0.901736865416564,0.5346769359571271,0.9995695040377154,20.610192428961092,17.716932698600854,39.025169141342495,6.423584780308746,4.909238588522396,7.53722445526921,0.1136126659985166,0.11109826599131338,0.13163707019411958
PLS–Extra Trees,P,300,5,3614844.0,11.796941675855802,10.825815557081448,13.052278597951561,23.47976911640675,21.278513685712955,24.31017586992047,-0.10351293867223421,-0.1399894023176617,0.08914461258612785,0.6903931814505319,0.3786891692878595,0.8973717286546063,24.563418800971696,22.586016834728547,26.003138938896473,4.528256645310496,3.864881264856606,8.005405293385582,0.11013629101216793,0.10970779578783549,0.11245496220944914
PLS–Extra Trees,P,1000,5,10301841.0,12.38450818801763,9.55432663180695,14.124107864232,24.849253037198892,19.600663932071832,34.09250658481723,0.01702488728958318,-0.030275027673459652,0.09216155544742981,0.6249257819399509,0.5117824880965058,0.7169562497109606,26.217029245656242,21.579038633902833,36.55725768673224,6.7698165823443395,5.340008338947351,9.18928948962746,0.19078875001287088,0.18350127971498295,0.27120125029468906
PLS–RBF-SVR,K,60,5,504769.0,1.2043668315483724,0.6900910908819894,1.7780195985045217,1.6992897600889303,0.8782486661529713,3.9195505364728933,0.036995700735507286,-0.28865817753035994,0.2976459698490934,0.6273800923729632,0.13313554078133327,1.7194567227890485,1.7422233128591942,0.8100439928862758,4.258075022548805,5.49991989740937,-11.211347960968508,28.989890177481577,0.0046435410040430725,0.004332716399221681,0.005786336894379928
PLS–RBF-SVR,K,120,5,515762.0,0.9975066269025662,0.7196411822400309,1.4273862128669763,1.430287463328551,1.1213604860066555,3.049580780219613,0.05599428867050116,-1.1098090420161442,0.43534327110804527,0.6944814914085559,0.3453333084649572,1.1218667398358115,1.6675276701993704,1.2055178623700742,3.892959826815275,11.98281983065876,-28.639628336962843,32.58324070602938,0.007066375022986904,0.006983796114218422,0.007775883379508741
PLS–RBF-SVR,K,180,5,527306.0,0.8566922919079922,0.7017485382101691,1.2337796076786491,1.1706385153101564,0.9161912165424186,2.5014188213125776,0.17536137965913923,-0.7120048779397861,0.29343018966398293,0.7484040202160559,0.5501261886308059,1.2328483489075879,1.2378774138601372,0.977047725526068,3.059387497830929,17.76708832796125,-14.879577021365789,22.397254510292633,0.0138147090037819,0.010224875007406809,0.015707279095659034
PLS–RBF-SVR,K,240,5,538298.0,0.9760569966970326,0.6416911053076442,1.0204765688356456,1.4900555145574683,0.9970690051925898,2.0753405866462855,0.1776714717398754,-0.5444497667307007,0.5804599113667113,0.8214526157191657,0.5137886421204765,1.0957555126021599,1.6445064057924157,1.3565737456804083,2.3979313097170305,13.008599711762725,-9.544640457462512,39.67771110526586,0.014321333001134917,0.012338458705926314,0.015313499697367661
PLS–RBF-SVR,K,300,5,549566.0,0.7143109225724255,0.6446709465635467,0.8913848471623206,1.0502198072115845,0.9718153843360078,2.023495872590677,0.2584947036066281,-0.27118731479104113,0.5732630848673566,0.9155313222396576,0.4833295039676691,1.4614486130372006,1.7944552577890898,0.9913010292671727,2.2555117577821506,21.66945146924875,-3.394362637474562,40.74142402479433,0.017679041979135945,0.015513121194089763,0.019049166594049892
PLS–RBF-SVR,K,1000,5,676174.0,0.64679576406277,0.5936202881553877,0.8169160670465069,1.2053257645659694,1.0062207956217357,1.8313934044347635,0.3403914346095702,-0.03888701328117889,0.474142750412457,0.8443814372388949,0.6133208630054081,0.9881246759654402,1.4706884680181938,1.2668658553636363,2.381657945663552,23.461770428694035,4.724510387628989,31.552124123263507,0.08830100001068786,0.08408024140226189,0.08952179638727102
PLS–RBF-SVR,N,60,5,504125.0,0.3245802087699595,0.24853948136824536,0.3695216326023122,0.47161682774688185,0.314668324571537,0.687861083789498,0.5205970121462549,-0.3319853143155103,0.7723988827342463,1.0999609034868698,0.7864878282759539,1.30745363311473,0.814515361273193,0.4405009789335883,1.161871842778146,40.644429491456,-3.6951156484911767,57.20875873190738,0.004395791998831555,0.003925099709886126,0.0269750041217776
PLS–RBF-SVR,N,120,5,513461.0,0.2313883254556456,0.14238552936081397,0.34309681966431016,0.2904956643696197,0.21268465942339973,0.6332247411151651,0.6536393773161531,0.376380450389017,0.8839728590766056,1.2217077358289805,0.3706586451637264,1.8490039082878331,0.7145803969113622,0.46395898467337815,0.9855363399675784,43.53528006334388,34.717734957835276,69.67576125132756,0.006620708998525515,0.00644501670030877,0.02916680410853587
PLS–RBF-SVR,N,180,5,522338.0,0.18710678417205634,0.1848405674539626,0.23980772701608016,0.30962519699978724,0.25764659282231334,0.4882899739783271,0.7768918460522479,0.41944018482062584,0.831054637730833,1.5651634761754307,0.6900151564553267,1.9561728087056687,0.6916219281567669,0.5842377847924475,0.8262379634532007,56.104282615551796,29.020186516313625,63.77210139253831,0.011478667001938447,0.010156637796899303,0.01581793332588859
PLS–RBF-SVR,N,240,5,531214.0,0.1806720778418339,0.13857375887448042,0.21776006142446802,0.3237019977377311,0.22308845459802412,0.46360395842474067,0.7724721734866333,0.3780678270972082,0.8653054053458216,1.3650170748445294,0.7082297883437588,2.6397499637263397,0.6589564844190157,0.6263512280693511,0.8068582281646978,57.595635009492845,27.12667383383966,65.14908030735631,0.012718416983261704,0.009990375026245602,0.03302428310562391
PLS–RBF-SVR,N,300,5,539998.0,0.14132381867447394,0.12473668656962811,0.1842493089821881,0.22747507677063425,0.17946438345565977,0.41313827529786007,0.8681104088988427,0.6915973373062446,0.8989539656263096,1.4548122632343659,1.1631009917703559,2.0626461979345776,0.6828521291514487,0.536062879648823,0.8760678109243822,65.9620050513915,49.86486107460697,71.07359957492027,0.015370291977887973,0.014274924399796874,0.020610750003834256
PLS–RBF-SVR,N,1000,5,643778.0,0.1357751383537401,0.12661387774061209,0.14075679273474923,0.24357738192382505,0.21858361074024535,0.2547950049718322,0.8722799449809312,0.8041301567289463,0.8998159393295229,1.7087874810732167,1.1824288394458078,1.9743319542447502,0.7293768163776964,0.6048841161613326,0.8710164003582712,67.08396119232184,58.37877558468337,71.5719633628413,0.06082529199193232,0.05475910418317653,0.10252260031411424
PLS–RBF-SVR,P,60,5,505321.0,15.12167978696723,9.131824150482226,19.49543341553044,23.586086060871253,14.800226596870159,37.11021062231276,-0.3715942165338151,-1.905059784832297,0.07462726419280785,0.6570581469093281,0.45505701481092015,0.9923015194273059,24.156710923220352,9.166385318863242,37.50793050381182,-0.5733734687614459,-62.276210110406275,15.447855668768016,0.0044009999837726355,0.004022507698391564,0.0047802214074181395
PLS–RBF-SVR,P,120,5,517142.0,13.24532163352533,12.986101247233448,24.69809681934794,27.355825685652814,19.286306347851582,38.96152794075536,-0.4433626948424205,-5.274106686789674,-0.39610212303444176,0.5911177818507914,0.42164722740025024,0.7342519877104496,19.76847331360908,13.142889179329364,36.86941147841375,-13.438012292156827,-137.5029521205828,-4.308788420115249,0.007188749994384125,0.007117012815433555,0.00752124592254404
PLS–RBF-SVR,P,180,5,528962.0,16.026726520056833,12.695986637072254,20.336597802840174,25.604665059707933,19.464172700595835,31.57121862548439,-0.3681995009904595,-1.719243437425624,0.22842488297312125,0.6301098191466019,0.5437864990050951,0.9156381189566104,25.108671899010805,12.49992114904783,33.901286588721355,-5.9290333829925315,-61.158311049007715,18.1833362556811,0.01260533300228417,0.0110380457888823,0.01799215862120036
PLS–RBF-SVR,P,240,5,540782.0,13.995307651963868,11.940402176225351,19.008210556573317,21.217335396998077,18.647693466988976,35.32326492333084,-0.1924548976207836,-0.3783826350960666,0.02076494045127509,0.8053160056308932,0.49037567009898575,0.9650682138980693,20.610192428961092,17.716932698600854,39.025169141342495,-2.9458384249913085,-5.2569970322683295,9.317423180482471,0.013599124999018386,0.012660654087085277,0.01467632081185002
PLS–RBF-SVR,P,300,5,552418.0,13.106478728171632,10.424949571171679,14.235517444113743,21.102244237831187,18.27650734619462,25.44731783400389,-0.04017467882634862,-0.2278626101743906,0.44941077201869034,0.6675638902425954,0.48616143798961464,0.9332577909810047,24.563418800971696,22.586016834728547,26.003138938896473,8.734697564993828,-0.9159712678906988,28.686656040067135,0.017471416998887435,0.016560600293450987,0.018728596210712566
PLS–RBF-SVR,P,1000,5,690250.0,12.994192043228763,10.329732794880291,14.565564009388662,24.76326999462261,18.591320956391968,33.068753639794,0.06729648671780863,-0.0638763181442111,0.1922568523044896,0.638506135647852,0.5271793872747795,0.7011231519546358,26.217029245656242,21.579038633902833,36.55725768673224,7.785975149509024,5.096036512225221,14.224205615266172,0.08189233398297802,0.07795686600729823,0.08344150479824748
Tiny 1D CNN,K,60,5,207916.0,1.0096927801584734,0.7015050490886849,2.193017662621811,1.6395836104092665,0.9837634594133052,4.205557480161612,-0.23248141789022325,-0.5589128439476758,-0.07432876911963347,0.6502264110745214,0.12544277240356885,1.335791114194719,1.7422233128591942,0.8100439928862758,4.258075022548805,0.7115150215835979,-22.22108459626598,5.9743751046648095,1.2091126659943257,0.8366006794007262,4.607716004204121
Tiny 1D CNN,K,120,5,207916.0,0.9934660552388545,0.5536070702309047,1.6685188989463893,1.4840241415910986,0.9567007461025956,3.5718189391986397,-0.0053506039350239565,-0.07263157627160402,0.3319976620402065,0.818445597248477,0.38638529428784707,1.025376670122809,1.6675276701993704,1.2055178623700742,3.892959826815275,11.004526754649415,7.333748841854774,20.874833499248012,1.5741117919969838,0.7804434002930065,3.267221500308369
Tiny 1D CNN,K,180,5,207916.0,0.7119934256414596,0.5716978036017908,1.4330509192143281,1.0797282547587337,0.7961937530062895,2.7985206508867995,0.1435691877676194,-0.07158126220966539,0.19691067535420928,0.6749113140546322,0.5736176531753505,1.7269121419706595,1.2378774138601372,0.977047725526068,3.059387497830929,11.48402898175748,8.520282990245773,18.77441543461947,2.7925608750083484,1.3879810746846488,3.8136650041968094
Tiny 1D CNN,K,240,5,207916.0,0.7970401017378711,0.6747312607050652,0.9830807512882718,1.3915888519480644,1.1530946362740675,2.1397410293864816,0.1394532397215399,-0.01572486236364743,0.1792731880226289,0.6032744505137293,0.44681225927521534,1.1764775730829866,1.6445064057924157,1.3565737456804083,2.3979313097170305,14.806957093243435,4.9204888607604955,16.353450348540342,2.388853791024303,1.624366908322554,5.033854182704817
Tiny 1D CNN,K,300,5,207916.0,0.8375348683041375,0.5826514904864067,0.935372229435671,1.5487439518570292,0.8566801099852696,2.0758438067587335,0.07305701951325094,0.04208142802287131,0.29943191200865493,0.8112934673960707,0.4615018430777085,1.5130144398192094,1.7944552577890898,0.9913010292671727,2.2555117577821506,11.932912485641284,7.965818433972629,24.00543604493227,3.566799624997657,2.013936088103219,4.061304929215112
Tiny 1D CNN,K,1000,5,207916.0,0.6396201827103049,0.5499784177816419,0.8603231879224691,1.0896443037944181,0.9836674530153978,2.016924297675861,0.34331450813010245,0.18717389147038074,0.4630736096379595,0.9327271651335807,0.5638681895123299,0.9843541025927455,1.4706884680181938,1.2668658553636363,2.381657945663552,25.600817642872546,15.112143934474068,30.69619082277262,12.406764166982612,9.929854957989301,21.455860925008892
Tiny 1D CNN,N,60,5,207916.0,0.2443955421159664,0.17447427275158714,0.3509161067871203,0.31013814926442895,0.21405519858681823,0.6793886985534467,0.639148288950745,0.4093295254076347,0.8154155073996862,1.3435808918630663,0.8411482354853995,1.6701193704881263,0.814515361273193,0.4405009789335883,1.161871842778146,45.17964814264469,30.809307708616497,61.37143834944301,1.2091126659943257,0.8366006794007262,4.607716004204121
Tiny 1D CNN,N,120,5,207916.0,0.15766698227368928,0.1342827923186792,0.5492659600315482,0.27870424210635786,0.2024010493781852,0.8851915052136556,0.7842629791557651,-0.24827977636482063,0.8957497352228849,0.9315251107693043,0.46229181946006404,1.9509092124942915,0.7145803969113622,0.46395898467337815,0.9855363399675784,56.270223131595586,9.800378969487225,71.24469592446331,1.5741117919969838,0.7804434002930065,3.267221500308369
Tiny 1D CNN,N,180,5,207916.0,0.1945695365304024,0.1426548816398136,0.20774007867164082,0.3410341021464981,0.21585700297789687,0.42580545877108156,0.5952526047009509,0.5586057056063233,0.8976582327863489,1.311547722602418,0.7888145369952161,2.8107279689174596,0.6916219281567669,0.5842377847924475,0.8262379634532007,40.87700024515927,38.07541295171215,71.4875967090932,2.7925608750083484,1.3879810746846488,3.8136650041968094
Tiny 1D CNN,N,240,5,207916.0,0.1552435301932528,0.14087416492617214,0.15893023234468961,0.28662486533291687,0.21368567744013622,0.3273613360331358,0.8343174764421222,0.6886371973859521,0.8799291906319542,1.164063287148493,0.9727564545936032,3.1005694222482663,0.6589564844190157,0.6263512280693511,0.8068582281646978,63.81474351521118,47.88578037952341,67.29007075775303,2.388853791024303,1.624366908322554,5.033854182704817
Tiny 1D CNN,N,300,5,207916.0,0.1596938972786169,0.13043142281001605,0.16658569911805193,0.2840125529330681,0.2436548553107269,0.35024881835156474,0.8465785308323205,0.6832638234907774,0.8626669883431505,1.3835690127473004,0.8650223507209219,1.736771384775367,0.6828521291514487,0.536062879648823,0.8760678109243822,64.35310177424218,47.291503262889655,66.31722927330699,3.566799624997657,2.013936088103219,4.061304929215112
Tiny 1D CNN,N,1000,5,207916.0,0.1074133219966054,0.1020139666410377,0.13523660351418357,0.21142616635704625,0.1823689584185132,0.2702765156202057,0.8709281693644775,0.8339189105066105,0.9302271023497671,1.9991117781435035,1.2964340955534057,2.112577484669186,0.7293768163776964,0.6048841161613326,0.8710164003582712,66.9756099687259,62.02164688447785,76.08267703802439,12.406764166982612,9.929854957989301,21.455860925008892
Tiny 1D CNN,P,60,5,207916.0,15.098674358550609,5.713230279715856,19.510609111189602,24.880987239161637,8.130528266887742,33.97753528217962,-0.13699114176473715,-0.5417718679990658,0.19980094656235917,0.7475964304814169,0.5070977021550183,1.0780704083766752,24.156710923220352,9.166385318863242,37.50793050381182,6.304922946205734,-18.085563897184354,15.160743993036002,1.2091126659943257,0.8366006794007262,4.607716004204121
Tiny 1D CNN,P,120,5,207916.0,12.12671571166254,8.689163349038404,19.80129491588672,20.42443891400034,12.331885204396958,34.919272158203476,-0.1805461447132921,-0.24187606013637417,0.06740707240484113,0.7237627549641972,0.601575201233136,1.0701470783053986,19.76847331360908,13.142889179329364,36.86941147841375,5.382335579139787,-2.5956888312118345,7.188789602610986,1.5741117919969838,0.7804434002930065,3.267221500308369
Tiny 1D CNN,P,180,5,207916.0,14.98212635431502,6.922453572300819,17.4241455578065,24.098938838599487,10.513818157645353,33.18576622338475,-0.1782276755758727,-0.28959353488120765,0.295563472187477,0.9396715619581207,0.478726468184371,1.110695155994673,25.108671899010805,12.49992114904783,33.901286588721355,2.1508574913708327,1.1299463150774849,17.833100425496884,2.7925608750083484,1.3879810746846488,3.8136650041968094
Tiny 1D CNN,P,240,5,207916.0,11.482937535616557,10.83850510674232,17.757719033396857,20.369353695417423,17.53050357283258,37.48343563012179,-0.1251357302813827,-0.24018360082201934,-0.03245798415891539,0.8554987151963169,0.5046639993769622,0.9538581125836281,20.610192428961092,17.716932698600854,39.025169141342495,2.3699314391886266,0.9157150307893678,3.918174607112334,2.388853791024303,1.624366908322554,5.033854182704817
Tiny 1D CNN,P,300,5,207916.0,12.502312449788347,10.295405394114713,13.11626322157642,22.472568014809934,22.275745433010748,25.36656670634655,-0.12524666587089572,-0.21603040308629323,0.001553917412176341,0.7213360079416407,0.3597405341765025,0.8686221895171119,24.563418800971696,22.586016834728547,26.003138938896473,3.3817500679986083,1.2333048996754492,8.026825567167473,3.566799624997657,2.013936088103219,4.061304929215112
Tiny 1D CNN,P,1000,5,207916.0,12.351753792548942,9.492688183335135,14.25165256384857,25.085188186521165,20.363113412678853,34.06616387457355,0.016316032107426826,-0.00832380913015487,0.018790622350416585,0.6153584491861342,0.5095785530822677,0.7173097378232243,26.217029245656242,21.579038633902833,36.55725768673224,6.73620698848279,4.4126555539083405,8.201779366831607,12.406764166982612,9.929854957989301,21.455860925008892
